product_code,type,brands,lens_width,location,stock,cost_price,sale_price_s,sale_price_a,mrp,comments
AO 1.6 CRHMC,SPECTACLE GLASS,AO,,,256.0,,540.0,,540.0,
HC,SPECTACLE GLASS,,,,1013.0,,,,,
ARC,SPECTACLE GLASS,,,,192.0,,,,,
PG,SPECTACLE GLASS,,,,43.0,,,,,
Blue cut PG,SPECTACLE GLASS,,,,18.0,,,,,
CRKT,SPECTACLE GLASS,,,,134.0,,,,,
CRKT ARC,SPECTACLE GLASS,,,,3.0,,,,,
Bluecut CRKT,SPECTACLE GLASS,,,,7.0,,,,,
Blue ray Progressive,SPECTACLE GLASS,,,,0.0,,,,,
BLUECUT HMC,SPECTACLE GLASS,,,,183.0,,,,,
ZEISS BC,,,,,2.0,,,,,
PG 6 LINE,SPECTACLE GLASS,,,,108.0,,,,,
GLASS,SPECTACLE GLASS,,,,79.0,,,,,
PGARC,SPECTACLE GLASS,,,,2.0,,,,,
WHITE KT,SPECTACLE GLASS,,,,77.0,,,,,
Blue Cut PGKT,,,,,5.0,,,,,
PGKT 6LINE,SPECTACLE GLASS,,,,7.0,,,,,
PG PROGRESSIVE,,,,,10.0,,,,,
SUPEROL,SPECTACLE GLASS,,,,5.0,,,,,
CRIZAL UV,SPECTACLE GLASS,,,,14.0,,,,,
Crizal SV,,,,,6.0,,,,,
Crizal SV KT,,,,,0.0,,,,,
color CLS,,,,,0.0,,,,,
Elements FSV Bluecut,SPECTACLE GLASS,ESSILOR,,,12.0,,600.0,,600.0,
TRIO,SPECTACLE GLASS,ESSILOR,,,0.0,,520.0,,520.0,
KROMOS,SPECTACLE GLASS,,,,10.0,,,,,
Bandage lens,,,,,10.0,,,,,
LENS SHINE,,,,,314.0,,,,,
CONTACT LENS PCS,CONTACT LENS,,,,12.0,,,,,
color contact lens,CONTACT LENS,,,,3.0,,,,,
PROGRESSIVE,SPECTACLE GLASS,,,,14.0,,,,,
COATED GLASS,SPECTACLE GLASS,,,,11.0,,,,,
AZEETA SHEET,RECTANGLE FULL SHEET FRAME,AZEETA,,L6D4-7,7.0,,900.0,,900.0,
AB1084_C2_53,RECTANGLE SUPRA METAL FRAME,AGNES,53.0,T26S2-1,1.0,,3480.0,,3480.0,
AB1087_C3_53,RECTANGLE FULL METAL FRAME,AGNES,53.0,T26S2-1,1.0,,3250.0,,3250.0,
AB1087_C4_53,RECTANGLE FULL METAL FRAME,AGNES,53.0,T26S1-1,1.0,,3250.0,,3250.0,
AB1090_C1_53,CATEYE SUPRA METAL FRAME,AGNES,53.0,T75S2-1,1.0,,3725.0,,3725.0,
AB1090_C2_53,CATEYE SUPRA METAL FRAME,AGNES,53.0,T75S3-1,1.0,,3725.0,,3725.0,
AB1090_C3_53,CATEYE SUPRA METAL FRAME,AGNES,53.0,NA,0.0,,3725.0,,3725.0,
AB1090_C4_53,RECATNGLE SUPRA METAL FRAME,AGNES,53.0,T75S3-1,1.0,,3725.0,,3725.0,
AB1094_C3_53,CATEYE FULL METAL FRAME,AGNES,53.0,NA,0.0,,3990.0,,3990.0,
AG1098_C4_49,CATEYE FULL SHEET FRAME,AGNES,49.0,T15S2-1,1.0,,3990.0,,3990.0,
AB1098_C5_49,CATEYE FULL SHEET FRAME,AGNES,49.0,D11-1,1.0,,1600.0,,1600.0,
AB1098_C6_49,CATEYE FULL SHEET FRAME,AGNES,49.0,T76S2-1,1.0,,1600.0,,1600.0,
AB1100_C3_53,RECTANGLE FULL METAL FRAME,AGNES,53.0,T26S1-1,1.0,,2750.0,,2750.0,
AB1102_C3_52,RECTANGLE FULL SHEET FRAME,AGNES,53.0,T76S3-1,1.0,,2980.0,,2980.0,
AB1103_C3_52,CATEYE SUPRA METAL FRAME,AGNES,52.0,D11-1,1.0,,3980.0,,3980.0,
AB1104_C3_54,SUNGLASS,AGNES,54.0,T30S2-1,1.0,,,,,
AB1104_C4_54,SUNGLASS,AGNES,54.0,T30S2-1,1.0,,,,,
AB1108_C4_52,RECTANGLE FULL SHEET FRAME,AGNES,52.0,C7-1,1.0,,3480.0,,3480.0,
AB1108_C5_52,RECTANGLE FULL SHEET FRAME,AGNES,52.0,T31S1-1,1.0,,3480.0,,3480.0,
AB1110_C2_53,RECTANGLE FULL SHEET FRAME,AGNES,,T15S1-1,1.0,,,,,
AB1110_C2_53,RECTANGLE FULL SHEET FRAME,AGNES,53.0,C7-1,1.0,,4490.0,,4490.0,
AB1115_C1_52,CATEYE FULL METAL FRAME,C,52.0,"C7-1,T15S2-1",2.0,,4225.0,,4225.0,
AB1115_C2_52,CATEYE FULL METAL FRAME,AGNES,52.0,C7-1,1.0,,4225.0,,4225.0,
AB1115_C3_52,CATEYE FULL METAL FRAME,AGNES,52.0,C7-1,,,4225.0,,4225.0,
AB1115_C5_52,CATEYE FULL METAL FRAME,AGNES,52.0,C7-1,1.0,,4225.0,,4225.0,
AB1117_C3_53,CATEYE FULL METAL FRAME,AGNES,53.0,T15S3-1,1.0,,3725.0,,3725.0,
AB1117_C5_53,CATEYE FULL METAL FRAME,AGNES,53.0,T75S1-1,1.0,,3725.0,,3725.0,
AB1118_C1_52,SUNGLASS,AGNES,52.0,T40S1-1,1.0,,,,,
AB1118_C2_52,SUNGLASS,AGNES,52.0,T40S1-1,1.0,,,,,
AB1119_C2_55,CATEYE FULL SHEET FRAME,AGNES,55.0,C7-1,1.0,,4480.0,,4480.0,
AB1120_C1_50,CATEYE FULL SHEET FRAME,AGNES,50.0,T31S1-1,1.0,,3750.0,,3750.0,
AB1121_C2_52,CATEYE FULL METAL FRAME,AGNES,52.0,T26S3-1,1.0,,3990.0,,3990.0,
AB1123_C2_55,SUNGLASS,AGNES,55.0,T30S2-1,1.0,,,,,
AB1124_C1_56,SUNGLASS,AGNES,56.0,T40S2-1,1.0,,,,,
AB1124_C4_56,SUNGLASS,AGNES,56.0,T40S2-1,1.0,,,,,
AB1125_C5_52,SUNGLASS,AGNES,52.0,T30S1-1,1.0,,,,,
AB1127_C3_53,CATEYE SUPRA METAL FRAME,AGNES,53.0,T26S3-1,1.0,,3750.0,,3750.0,
AB1128_C2_53,RECATNGLE SUPRA METAL FRAME,AGNES,53.0,T26S2-1,1.0,,3750.0,,3750.0,
AB1128_C5_53,,AGNIS,53.0,T15S3-1,1.0,,3750.0,,3750.0,
AB1129_C3_54,CATEYE FULL METAL FRAME,AGNES,54.0,T75S1-1,1.0,,3980.0,,3980.0,
AB1129_C4_54,CATEYE FULL METAL FRAME,AGNES,54.0,C7-1,1.0,,3980.0,,3980.0,
AB1130_C1_53,RECATNGLE SUPRA METAL FRAME,AGNES,53.0,T75S3-1,1.0,,3750.0,,3750.0,
AB1131_C5_52,CATEYE FULL METAL FRAME,AGNES,52.0,C7-1,1.0,,3490.0,,3490.0,
AB1132_C2_51,CATEYE SUPRA METAL FRAME,AGNES,51.0,T75S2-1,1.0,,3980.0,,3980.0,
AB1136_C2_60,SUNGLASS,AGNES,60.0,T40S3-1,1.0,,,,,
AB1136S_C4_60,SUNGLASS,AGNES,60.0,C7-1,1.0,,3990.0,,3990.0,
AB1137_C3_59,SUNGLASS,AGNES,59.0,T40S3-1,1.0,,,,,
AB1137_C5_59,SUNGLASS,AGNES,59.0,T40S3-1,1.0,,,,,
AB1138_C1_53,CATEYE FULL SHEET FRAME,AGNES,53.0,C7-2,2.0,,4225.0,,4225.0,FRAME
AB1138_C4_53,CATEYE FULL SHEET FRAME,AGNES,53.0,T76S3-1,1.0,,4225.0,,4225.0,
AB1142_C5_50,FRAME,AGNES,50.0,T15S2-1,1.0,,3750.0,,3750.0,
AB1144_C4_52,SUNGLASS,AGNES,52.0,T30S1-1,1.0,,,,,
AB1152_C2_52,CATEYE FULL SHEET FRAME,AGNES,52.0,T15S3-1,1.0,,3990.0,,3990.0,
AB1152_C3_52,CATEYE FULL SHEET FRAME,AGNES,52.0,T75S1-1,1.0,,3990.0,,3990.0,
AB1158_C1_52,RECTANGLE FULL SHEET FRAME,AGNES,52.0,T15S2-1,1.0,,2480.0,,2480.0,
AB1158_C2_52,RECTANGLE FULL SHEET FRAME,AGNES,52.0,T76S1-1,1.0,,2480.0,,2480.0,
AB1159_C3_50,CATEYE FULL SHEET FRAME,AGNES,50.0,C7-1,1.0,,2480.0,,2480.0,
AB1162_C1_51,CATEYE FULL SHEET FRAME,AGNES,51.0,T31S3-1,1.0,,4225.0,,4225.0,
AB1162_C3_51,,AGNES,51.0,T76S2-1,1.0,,,,,
AB1163_C2_52,ROUND FULL METAL FRAME,AGNES,52.0,T75S2-1,1.0,,4725.0,,4725.0,
AB1163_C4_52,ROUND FULL METAL FRAME,AGNES,52.0,T26S1-1,1.0,,4725.0,,4725.0,
AB1164_C1_52,SUNGLASS,AGNES,52.0,T40S2-1,1.0,,,,,
AB1164_C2_52,SUNGLASS,AGNES,52.0,T40S2-1,1.0,,,,,
AB1167_C3_53,FRAME,AGNES,53.0,T26S1-1,1.0,,,,,FRAME
AB1168_C4_54,FRAME,AGNES,54.0,D11-1,1.0,,,,,FRAME
AB1171_C3_61,,AGNES,61.0,T30S1-1,1.0,,,,,
AB1172S_C2_58,SUNGLASS,AGNES,58.0,D12-1,1.0,,3480.0,,3480.0,
AB2067_C176_50,CATEYE FULL SHEET FRAME,AGNES,50.0,T31S2-1,1.0,,1250.0,,1250.0,
AB2038_C578_50,CATEYE FULL SHEET FRAME,AGNES,50.0,C7-2,2.0,,1400.0,,1400.0,
AB2040_C317_53,CATEYE FULL SHEET FRAME,AGNES,53.0,T31S3-1,1.0,,1500.0,,1500.0,
AB2040_C510_51,CATEYE FULL SHEET FRAME,AGNES,51.0,C7-1,1.0,,1500.0,,1500.0,
AB2092_C455_53,CATEYE FULL SHEET FRAME,AGNES,53.0,C7-1,1.0,,1500.0,,1500.0,FRAME
AB2092_C581_51,CATEYE FULL SHEET FRAME,AGNES,51.0,T31S1-1,1.0,,1500.0,,1500.0,FRAME
AB2092_C693_53,CATEYE FULL SHEET FRAME,AGNES,53.0,C7-1,1.0,,1500.0,,1500.0,
AB2093_C484_53,RECTANGLE FULL SHEET FRAME,AGNES,53.0,T76S1-1,1.0,,1500.0,,1500.0,
AB2108_C540_51,CATEYE FULL SHEET FRAME,AGNES,51.0,C7-1,1.0,,1700.0,,1700.0,
AB2108_C541_53,CATEYE FULL SHEET FRAME,AGNES,53.0,C7-1,1.0,,1700.0,,1700.0,
AB2108_C539_53,CATEYE FULL SHEET FRAME,AGNES,53.0,C7-1,1.0,,1700.0,,1700.0,
AB4012_DEMISLV_53,CATEYE FULL SHEET FRAME,AGNES,53.0,C7-1,1.0,,2750.0,,2750.0,
AB4017_DEMI_52,CATEYE FULL SHEET FRAME,AGNES,52.0,"C7-1,T76S3-1",2.0,,2750.0,,2750.0,
AB4017_DEMIRED_52,CATEYE FULL METAL FRAME,AGNES,52.0,C7-1,1.0,,,,,
AB4017_BLK_52,CATEYE FULL METAL FRAME,AGNES,52.0,T31S3-1,1.0,,,,,
AB4018_BLACK_52,CATEYE FULL METAL FRAME,AGNES,52.0,T15S1-1,1.0,,2750.0,,2750.0,
AG1109_C4_51,CATEYE FULL SHEET FRAME,AGNES,51.0,T31S3-1,1.0,,3990.0,,3990.0,
AG1147_C5_51,CATEYE FULL SHEET FRAME,AGNES,51.0,T76S3-1,1.0,,3990.0,,3990.0,
AG1086_C2_54,CATEYE FULL METAL FRAME,AGNES,54.0,T75S2-1,1.0,,3490.0,,3490.0,
AG1093_C2_53,FRAME,AGNES,53.0,T15S3-1,1.0,,3490.0,,3490.0,
AG1107_C4_50,ROUND FULL SHEET FRAME,AGNES,50.0,T76S2-1,1.0,,4235.0,,4235.0,
AG1140_C1_52,CATEYE FULL SHEET FRAME,AGNES,52.0,C7-1,1.0,,4725.0,,4725.0,
AB1140_C3_52,CATEYE FULL SHEET FRAME,AGNES,52.0,T75S3-1,1.0,,4725.0,,4725.0,FRAME
AB1149_C2_54,CATEYE SUPRA METAL FRAME,AGNES,54.0,T26S2-1,1.0,,2725.0,,2725.0,
AG1151_C4_50,RECTANGLE FULL SHEET FRAME,AGNES,50.0,T31S2-1,1.0,,5225.0,,5225.0,
AG1169_C2_53,FRAME,AGNES,53.0,T76S2-1,1.0,,,,,FRAME
AB1169_C3_53,FRAME,AGNES,53.0,C7-1,1.0,,,,,FRAME
AB1169_C4_53,FRAME,AGNES,53.0,C7-1,1.0,,,,,FRAME
AB1175S_C3_53,SUNGLASS,AGNES,53.0,T30S2-1,1.0,,4390/3725,,4390/3725,
AG2103_C526_52,CATEYE FULL SHEET FRAME,AGNES,52.0,T31S2-1,1.0,,1990.0,,1990.0,FRAME
AG2054_C228_53,CATEYE FULL SHEET FRAME,AGNES,53.0,T15S1-1,1.0,,1425.0,,1425.0,
AG2058_C1_53,FRAME,AGNES,53.0,NA,0.0,,1500.0,,1500.0,FRAME
AG2058_C559_53,FRAME,AGNES,53.0,T76S1-1,1.0,,1500.0,,1500.0,FRAME
AG2058_C243_53,FRAME,AGNES,53.0,T76S1-1,1.0,,1500.0,,1500.0,
AG2058_C614_53,FRAME,AGNES,53.0,T31S2-1,1.0,,1500.0,,1500.0,
AB16T150_C2_51,RCTANGLE FULL SHEET FRAME,AGNES,51.0,T15S1-1,1.0,,1600.0,,1600.0,
AB16T150_C3_51,RECTANGLE FULL SHEET FRAME,AGNES,51.0,T31S1-1,1.0,,1800.0,,1800.0,
BE4193_300213_57,CATEYE SUNGLASS,Burberry,57.0,T43S1-1,1.0,,15000.0,,15000.0,
BE4201_300273_58,RECTANGLE SUNGLASS,Burberry,58.0,T43S1-1,1.0,,13000.0,,13000.0,
BE20030_C01_M,SUNGLASS,Burberry,M,T82S1-1,1.0,,17090.0,,17090.0,
BIOTRUE SOLUTION 60 ml+SILK LENS SOLUTION,,,,60ml,0.0,,,,,
BIOTRUE SOLUTION 120 ml,LENS SOLUTION,Biotrue,,DISPLAY,2.0,,300.0,,300.0,
BIOTRUE 300 ML,LENS SOLUTION,Biotrue,,NA,0.0,,560.0,,560.0,
RENU_LENSSOLUTION_120,LENS SOLUTION,RENU,120.0,1.0,0.0,,,,,
RENU SOLUTION 300ML,LENS SOLUTION,RENU,,NA,0.0,,,,,
RENU_LENSSOLUTION_60,LENS SOLUTION,RENU,60.0,NA,0.0,,,,,
BIOFLEX OCCLUSION EYE PATCH (REGULAR),EYE PATCH,Eye Cover,,4 BOX,4.0,,,,,
BIOFLEX OCCLUSION EYE WIPES,EYE WIPE,,,2 BOX,2.0,,,,,
BRATS & DOLLS,RECTANGLE BABY FRAME,baby Frames,,"DS3-1,R-1,L6D1S1-1,S2-1",3.0,,1000.0,,1000.0,
BV2162B_376_53,RECTANGLE FRAME,Bvlgari,53.0,T73S2-1,1.0,,24990.0,,24990.0,
CK1089_028_58,SUNGLASS,Calvin Klein,58.0,"C1R1B3-1,T2S3-1",2.0,,,,,
CK3154_214_62,SUNGLASS,Calvin Klein,62.0,"T2S3-1,C1R1B2-2",3.0,,,,,
CK3161S_003_58,SUNGLASS,Calvin Klein,58.0,T2S2-1,1.0,,9000.0,,9000.0,
CK3161S_004_58,SUNGLASS,Calvin Klein,58.0,T2S3-1,1.0,,,,,
CK3152S_001_57,SUNGLASS,Calvin Klein,57.0,"T52S1-1,D12-1",2.0,,,,,
CK4216_320_56,SUNGLASS,Calvin Klein,56.0,T2S1-1,1.0,,,,,
CK4151_001_56,SUNGLASS,Calvin Klein,56.0,"C1R1B3-1,T2S2-1",2.0,,,,,
CK4223_001_52,SUNGLASS,Calvin Klein,52.0,"C1R1B3-1,T2S2-1",2.0,,,,,
CK4223_377_52,SUNGLASS,Calvin Klein,52.0,"C1R1B3-1,T2S2-1",2.0,,,,,
CUP Goggles/SUNGLASS PROTECTIVE,RECTANGLE SUNGLASS,protective glasses,,57.0,57.0,,100.0,,100.0,
DG1229_061_53,RIMLESS,Dolce & gabbana,53.0,L1D1S1-1,1.0,,,,,
DL5218V_068_53,RECTANGLE FULL SHEET FRAME,DIESEL,53.0,D11-1,1.0,,6925.0,,6925.0,
DISNEY,FRAME,DISNEY,,CT13-1,1.0,,1000.0,,1000.0,
DJ0301_GUN_52,RECTANGLE SUPRA METAL FRAME,David Jones,52.0,C4R2-1,1.0,,1600.0,,1600.0,
DJ0301_BLK_52,FRAME,David Jones,52.0,C4R2-1,1.0,,1600.0,,1600.0,
DJ084_C4_52,RECTANGLE FULL SHEET FRAME,David Jones,52.0,NA,0.0,,1800.0,,1800.0,
DJ15T128_C2_51,RECTANGLE FULL SHEET FRAME,David Jones,51.0,T60S1-1,1.0,,1800.0,,1800.0,
DJ15T156_C5_53,RECTANGLE FULL SHEET FRAME,David Jones,53.0,T64S3-1,1.0,,,,,
DJ15T158_C5_53,RECTANGLE FULL SHEET FRAME,David Jones,53.0,T63S1-1,1.0,,1600.0,,1600.0,
DJ15T162_C2_52,RECTANGLE FULL SHEET FRAME,David Jones,52.0,T60S2-1,1.0,,,,,
DJ16T149_C1_53,RECTANGLE FULL SHEET FRAME,David Jones,53.0,NA,0.0,,,,,
DJ16T149_C2_53,RECTANGLE FULL SHEET FRAME,David Jones,53.0,NA,0.0,,,,,
DJ18632_C1_51,RECTANGLE FULL SHEET FRAME,David Jones,51.0,NA,0.0,,1600.0,,1600.0,
DJ18632_C2_51,RECTANGLE FULL SHEET FRAME,David Jones,51.0,T63S3-1,1.0,,1600.0,,1600.0,
DJ21007_C4_52,RECTANGLE FULL SHEET FRAME,David Jones,52.0,T60S1-1,1.0,,,,,
DJ2001_C11_53,RECTANGLE FULL SHEET FRAME,David Jones,53.0,T41S1-1,1.0,,1600.0,,1600.0,
DJ2003_C14_49,RECTANGLE FULL SHEET FRAME,David Jones,49.0,T60S2-1,1.0,,1800.0,,1800.0,SIDE TEMPLE CODE DAMAGE
DJ2004_C2_50,RECTANGLE FULL SHEET FRAME,David Jones,50.0,NA,0.0,,1800.0,,1800.0,
DJ2010_C48_53,RECTANGLE FULL SHEET FRAME,David Jones,53.0,T13S2-1,1.0,,,,,
DJ2111_C4_52,RECTANGLE SUPRA METAL FRAME,David Jones,52.0,T61S3-1,1.0,,1800.0,,1800.0,
DJ2346_C5_55,,David Jones,55.0,T60S1-1,1.0,,1800.0,,1800.0,
DJ2347_C4_52,RECTANGLE FULL SHEET FRAME,David Jones,52.0,T13S1-1,1.0,,1800.0,,1800.0,
DJ2347_C5_52,RECTANGLE FULL SHEET FRAME,David Jones,52.0,T60S3-1,1.0,,1800.0,,1800.0,
DJ3134_C1_51(11),RECTANGLE SUPRA METAL FRAME,David Jones,51(11),C4R2-1,1.0,,1800.0,,1800.0,
DJ3134_C1_51(5),RECTANGLE SUPRA METAL FRAME,David Jones,51(5),C4R2-1,1.0,,1800.0,,1800.0,SIDE TEMPLE CODE DAMAGE
DJ3146_C1_50,RECTANGLE FULL METAL FRAME,David Jones,50.0,T59S3-1,1.0,,1800.0,,1800.0,
DJ3179_C1_51,RECTANGLE FULL SHEET FRAME,David Jones,51.0,T63S3-1,1.0,,1800.0,,1800.0,
DJ3179_C3_51,RECTANGLE FULL METAL FRAME,David Jones,51.0,C4R2-1,1.0,,1800.0,,1800.0,
DJ9135_C4_48,ROUND FULL METAL FRAME,David Jones,48.0,T59S1-1,1.0,,2750.0,,2750.0,
DJ2070_C646_49,ROUND FULL SHEET FRAME,David Jones,49.0,T41S2-1,1.0,,1550.0,,1550.0,
DJ2062_548_55,FRAME,David Jones,55.0,T62S1-1,1.0,,1490.0,,1490.0,
DJ9102_C1_52,SQUARE FULL FRAME,David Jones,52.0,T7S3-1,1.0,,1800.0,,1800.0,
DJ9105_C1_51,RECTANGLE FULL METAL FRAME,David Jones,51.0,T59S2-1,1.0,,3490.0,,3490.0,
DJ9105_C3_51,RECTANGLE FULL METAL FRAME,David Jones,51.0,T77S1-1,1.0,,3490.0,,3490.0,
DJ2098_C226_47,ROUND FULL SHEET FRAME,David Jones,47.0,T41S2-1,1.0,,2225.0,,2225.0,
DJ2096_C226_50,ROUND FULL SHEET FRAME,David Jones,50.0,T41S1-1,1.0,,2225.0,,2225.0,
DJ2050_C234_50,RECTANGLE FULL SHEET FRAME,David Jones,50.0,T62S2-1,1.0,,1550.0,,1550.0,
DJ2076_C230_50,ROUND FULL SHEET FRAME,David Jones,50.0,"T62S1-1,T41S2-1",2.0,,1450.0,,1450.0,
DJ2076_C614_50,ROUND FULL SHEET FRAME,David Jones,50.0,T60S3-1,1.0,,1450.0,,1450.0,
DJ3197_C6_53,RECTANGLE FULL SHEET FRAME,David Jones,53.0,T63S1-1,1.0,,1725.0,,1725.0,
DJ0501_135_50,RECTANGLE SUPRA METAL FRAME,David Jones,50.0,T61S3-1,1.0,,1800.0,,1800.0,
DJ0502_138_53,RECTANGLE SUPRA METAL FRAME,David Jones,53.0,C4R2-1,1.0,,1800.0,,1800.0,
DJ8235_DP_53,RECTANGLE SUPRA METAL FRAME,David Jones,53.0,T61S3-1,1.0,,1800.0,,1800.0,
DJ8783_C6_52,RECTANGLE FULL METAL FRAME,David Jones,52.0,C4R2-1,1.0,,1800.0,,1800.0,
DJ2032_C548_51,FRAME,David Jones,51.0,NA,0.0,,1250.0,,1250.0,
DJ2037_C307_49,ROUND FULL SHEET FRAME,David Jones,49.0,T62S2-1,1.0,,1475.0,,1475.0,
DJ2043_C555_53,RECTANGLE FULL SHEET FRAME,David Jones,53.0,na,0.0,,1450.0,,1450.0,
DJ2044_C13_53,CATEYE FULL SHEET FRAME,David Jones,53.0,T63S2-1,1.0,,1450.0,,1450.0,
DJ2047_C198_54,RECTANGLE FULL SHEET FRAME,David Jones,54.0,NA,0.0,,1550.0,,1550.0,
DJ2050_C226_48,FRAME,David Jones,48.0,T41S2-1,1.0,,1550.0,,1550.0,
DJ2069_C221_47,FRAME,David Jones,47.0,T64S2-1,1.0,,1550.0,,1550.0,
DJ2074_C350_52,RECTANGLE FULL SHEET FRAME,David Jones,52.0,T62S2-1,1.0,,1475.0,,1475.0,
DJ2075_C198_56,RECTANGLE FULL SHEET FRAME,David Jones,56.0,T62S3-1,1.0,,1250.0,,1250.0,
DJ2079_C219_55,FRAME,David Jones,55.0,T62S3-1,1.0,,1375.0,,1375.0,
DJ2091_C225_51,RECTANGLE FULL SHEET FRAME,David Jones,51.0,Na,0.0,,,,,SIDE TEMPLE CODE DAMAGE
DJ2094_C410_51,AVIATOR FULL SHEET FRAME,David Jones,51.0,T60S3-1,1.0,,1425.0,,1425.0,
DJ2094_C533_51,FRAME,David Jones,51.0,T64S3-1,1.0,,1425.0,,1425.0,
DJ2115_C645_50,FULL SHEET FRAME,David Jones,50.0,T62S1-1,1.0,,1425.0,,1425.0,
DJ2118_C629_53,FRAME,David Jones,53.0,T63S1-1,1.0,,1990.0,,1990.0,
DJ2118_C637_53,FRAME,David Jones,53.0,T63S2-1,1.0,,1990.0,,1990.0,
DJ2119_C1_52,FRAME,David Jones,52.0,T13S2-1,1.0,,2625.0,,2625.0,
DJ2130_C723_54,RECTANGLE FULL SHEET FRAME,David Jones,54.0,T41S3-1,1.0,,1700.0,,1700.0,
DJ2131_C724_56,FRAME,David Jones,56.0,T64S3-1,1.0,,1650.0,,1650.0,
DJ2131_C730_56,AVIATOR FULL SHEET FRAME,David Jones,56.0,T41S3-1,1.0,,1650.0,,1650.0,
DJ2132_C225_53,FRAME,David Jones,53.0,NA,0.0,,1625.0,,1625.0,
DJ2133_C225_53,FRAME,David Jones,53.0,T63S2-1,1.0,,1725.0,,1725.0,
DJ5902_C1_53,RECTANGLE FULL METAL FRAME,David Jones,53.0,T61S2-1,1.0,,2480.0,,2480.0,
DJ5914_C2_46,ROUND FULL METAL FRAME,David Jones,46.0,T13S3-1,1.0,,2480.0,,2480.0,
DJ5915_C1_47,RECTANGLE FULL METAL FRAME,David Jones,47.0,T59S1-1,1.0,,2225.0,,2225.0,
DJ5916_C1_51,ROUND FULL METAL FRAME,David Jones,51.0,C4R2-1,1.0,,2480.0,,2480.0,
DJ5916_C2_51,ROUND FULL METAL FRAME,David Jones,51.0,C4R2-1,1.0,,2480.0,,2480.0,
DJ5916_C3_51,ROUND FULL METAL FRAME,David Jones,51.0,T59S3-1,1.0,,2480.0,,2480.0,
DJ5916_C4_51,ROUND FULL METAL FRAME,David Jones,51.0,NA,0.0,,2480.0,,2480.0,
DJ5917_C4_51,RECTANGLE FULL METAL FRAME,David Jones,51.0,na,0.0,,2480.0,,2480.0,
DJ5918_C1_54,RECTANGLE FULL METAL FRAME,David Jones,54.0,T77S1-1,1.0,,2980.0,,2980.0,
DJ9022_C3_53,FRAME,David Jones,53.0,T61S3-1,1.0,,3480.0,,3480.0,
DJ9026_C1_54,RIMLESS,David Jones,54.0,NA,0.0,,3980.0,,3980.0,
DJ9026_C2_54,RIMLESS,David Jones,54.0,T7S1-1,1.0,,3980.0,,3980.0,
DJ9027_C4_54,RECTANGLE SUPRA METAL FRAME,David Jones,54.0,T7S1-1,1.0,,2725.0,,2725.0,
DJ9044_C4_49,RECTANGLE FULL SHEET FRAME,David Jones,49.0,T41S3-1,1.0,,3200.0,,3200.0,
DJ9044_C5_49,RECTANGLE FULL SHEET FRAME,David Jones,49.0,T13S1-1,1.0,,3200.0,,3200.0,
DJ9046_C4_47,RECTANGLE FULL METAL FRAME,David Jones,47.0,T7S2-1,1.0,,4225.0,,4225.0,
DJ9046_C5_47,FRAME,David Jones,47.0,T7S3-1,1.0,,4225.0,,4225.0,
DJ9049_C2_51,RECTANGLE FULL SHEET FRAME,David Jones,51.0,T13S3-1,1.0,,4225.0,,4225.0,
DJ9049_C3_51,FRAME,David Jones,51.0,T13S3-1,1.0,,4225.0,,4225.0,
DJ9050_C2_52,RIMLESS,David Jones,52.0,NA,0.0,,3750.0,,3750.0,
DJ9050_C5_52,RIMLESS,David Jones,52.0,NA,0.0,,3750.0,,3750.0,
DJ9053_C3_50,RECTANGLE FULL SHEET FRAME,David Jones,50.0,T13S2-1,1.0,,3200.0,,3200.0,
DJ9057_C5_54,RECTANGLE FULL SHEET FRAME,David Jones,54.0,T41S1-1,1.0,,3200.0,,3200.0,
DJ9058_C3_51,RECTANGLE FULL METAL FRAME,David Jones,51.0,T59S3-1,1.0,,1800.0,,1800.0,
DJ9062_C3_54,RECATNGLE SUPRA METAL FRAME,David Jones,54.0,T61S2-1,1.0,,3200.0,,3200.0,
DJ9062_C4_54,RECATNGLE SUPRA METAL FRAME,David Jones,54.0,T61S2-1,1.0,,3200.0,,3200.0,
DJ9064_C1_47,RECTANGLE FULL SHEET FRAME,David Jones,47.0,T13S3-1,1.0,,3200.0,,3200.0,
DJ9064_C3_47,RECTANGLE FULL SHEET FRAME,David Jones,47.0,T77S1-1,1.0,,3200.0,,3200.0,
DJ9064_C4_47,RECTANGLE FULL SHEET FRAME,David Jones,47.0,T7S2-1,1.0,,3725.0,,3725.0,
DJ9091_C1_53,RECTANGLE FULL METAL FRAME,David Jones,53.0,T59S2-1,1.0,,4225.0,,4225.0,
DJ9097_C3_48,FRAME,David Jones,48.0,T7S1-1,1.0,,2725.0,,2725.0,
DJ9112S_C1_61,SUNGLASS,David Jones,61.0,D12-1,1.0,,3990.0,,3990.0,
DJ9113S_C1_54,SUNGLASS,David Jones,54.0,D12-1,1.0,,3990.0,,3990.0,
DJ9115_C5_49,RECTANGLE FULL METAL FRAME,David Jones,49.0,T59S3-1,1.0,,4225.0,,4225.0,
DJ9123_C4_49,FRAME,David Jones,49.0,T60S1-1,1.0,,5225.0,,5225.0,
DJ9126S_C1_59,SUNGLASS,David Jones,59.0,T30S3-1,1.0,,4590.0,,4590.0,
DJ9127S_C7_56,SUNGLASS,David Jones,,T30S1-1,1.0,,5725.0,,5725.0,
DJ9129_C2_55,FRAME,David Jones,55.0,T63S2-1,1.0,,3990.0,,3990.0,
DJ9132S_C1_57,AVIATOR SUNGLASS,David Jones,57.0,D12-1,1.0,,3990.0,,3990.0,
DJ9132S_C3_57,SUNGLASS,David Jones,57.0,D12-1,1.0,,4950.0,,4950.0,
DJ9134_C3_55,SUNGLASS,David Jones,55.0,D12-1,1.0,,4390.0,,4390.0,
DJ9134_C4B_55,SUNGLASS,David Jones,55.0,D12-1,1.0,,4390.0,,4390.0,
DJ9139_C1_54,FRAME,David Jones,54.0,T77S1-1,1.0,,4725.0,,4725.0,
DJ9139_C2_54,FRAME,David Jones,54.0,T7S2-1,1.0,,4725.0,,4725.0,
DJ9141_C5_53,RECTANGLE FULL SHEET FRAME,David Jones,53.0,T62S3-1,1.0,,4225.0,,4225.0,
DJ9142_C1_49,RECTANGLE FULL SHEET FRAME,David Jones,49.0,T60S2-1,1.0,,4225.0,,4225.0,
DJ9142_C2_49,RECTANGLE FULL SHEET FRAME,David Jones,49.0,T64S1-1,1.0,,4225.0,,4225.0,
DJ9150_C1_53,FRAME,David Jones,53.0,T63S3-1,1.0,,4950.0,,4950.0,
DJ9151_C4_54,FRAME,David Jones,54.0,T61S2-1,1.0,,5225.0,,5225.0,
DJ9152_C1_55,RECTANGLE FULL METAL FRAME,David Jones,55.0,T59S2-1,1.0,,5225.0,,5225.0,
DJ9162_C1_50,RECTANGLE FULL SHEET FRAME,David Jones,50.0,T64S1-1,1.0,,3980.0,,3980.0,
DJ9162_C2_50,RECTANGLE FULL SHEET FRAME,David Jones,50.0,NA,0.0,,3980.0,,3980.0,
DJ9162_C5_50,RECTANGLE FULL SHEET FRAME,David Jones,50.0,T64S2-1,1.0,,3980.0,,3980.0,
DJ9165_C1_55,RECTANGLE FULL METAL FRAME,#REF!,55.0,T7S3-1,1.0,,3875.0,,3875.0,
DJ9165_C1_55,,David Jones,55.0,D11-1,1.0,,,,,
DJ9167_C5_58,SUNGLASS,David Jones,58.0,T30S3-1,1.0,,,,,
DJ9172_C5_56,RECTANGLE FULL SHEET FRAME,David Jones,56.0,T60S3-1,1.0,,3725.0,,3725.0,
DJ9174_C1_58,SUNGLASS,David Jones,58.0,T30S3-1,1.0,,,,,
DJ9174S_C5_58,SUNGLASS,David Jones,58.0,D12-1,1.0,,5450.0,,5450.0,
DJ9176S_C1_59,SUNGLASS,David Jones,59.0,T30S3-1,1.0,,,,,
DJ9182_C1_57,RIMLESS,David Jones,57.0,T7S1-1,1.0,,5725.0,,5725.0,
DJ9201_C1_50,RECTANGLE FULL METAL FRAME,David Jones,50.0,T61S1-1,1.0,,3450.0,,3450.0,
DJ9201_C2_50,RECTANGLE FULL METAL FRAME,David Jones,50.0,NA,0.0,,3450.0,,3450.0,
DJ9201_C3_50,RECTANGLE FULL METAL FRAME,David Jones,50.0,C4R2-1,1.0,,3450.0,,3450.0,
DJ9201_C5_50,FRAME,David Jones,50.0,C4R2-1,1.0,,3450.0,,3450.0,
DJ9202_C4_49,FRAME,David Jones,49.0,T7S2-1,1.0,,3450.0,,3450.0,
DJ9206_C1_51,ROUND FULL METAL FRAME,David Jones,51.0,NA,0.0,,2225.0,,2225.0,
EA4086_502613_54,SUNGLASS,Emporio Armani,54.0,T82S2-1,1.0,,9500.0,,9500.0,
EA4086_56788Z_54,SUNGLASS,Emporio Armani,54.0,T11S3-1,1.0,,,,,
EA4094_502613_56,SUNGLASS,Emporio Armani,56.0,T82S2-1,1.0,,9500.0,,9500.0,SCRATCH
EA4099_567771_56,SUNGLASS,Emporio Armani,56.0,T82S2-1,1.0,,9500.0,,9500.0,SCRATCH
FB4101_C2_50,RECTANGLE SUNGLASS,FUNKY BOY,50.0,T80S2-1,1.0,,800.0,,800.0,
FC7311_C2_62,AVIATOR SUNGLASS,FCUK,62.0,T82S1-1,1.0,,4600.0,,4600.0,
FLING,RECTANGLE FULL SHEET FRAME,Fling,,"L1D4S1-5,S2-4",9.0,,650.0,,650.0,
FT_M131BK1P_62,SUNGLASS,Fastrack,62.0,"D2-1,BOX(ALMIRA)-1",2.0,,2699.0,,2699.0,
FT_M138BR2_58,SUNGLASS,Fastrack,58.0,C6R2-1,1.0,,,,,
FT_M032BU1_M,SUNGLASS,Fastrack,M,D3-1,1.0,,2299.0,,2299.0,
FT_M035GY1_M,SUNGLASS,Fastrack,M,C6R1-2,2.0,,2699.0,,2699.0,
FT_M050BU2_64,SUNGLASS,Fastrack,64.0,"C6R2-1,D3-1",2.0,,2699.0,,2699.0,
FT_M050BR5_M,SUNGLASS,Fastrack,M,C6R2-1,1.0,,2699.0,,2699.0,
FT_M062BR3_M,SUNGLASS,Fastrack,M,C6R2-1,1.0,,2699.0,,2699.0,
FT_M083BR2F_M,SUNGLASS,Fastrack,M,"C6R2-1,D12-1",2.0,,2699.0,,2699.0,
FT_M154BR2_M,SUNGLASS,Fastrack,M,"D4-1,D12-1",2.0,,2499.0,,2499.0,
FT_M165YL7_M,SUNGLASS,Fastrack,M,C6R1-2,2.0,,2299.0,,2299.0,
FT_M180SL3F_M,SUNGLASS,Fastrack,M,C6R2-1,1.0,,2799.0,,2799.0,
FT_P178BR3FP_M,SUNGLASS,Fastrack,M,C6R2-1,1.0,,,,,
FT_P180PR2F_M,SUNGLASS,Fastrack,M,"C6R1-2,D3-1",3.0,,1299.0,,1299.0,
FT_P192GR1_M,SUNGLASS,Fastrack,M,C6R2-1,1.0,,,,,
FT_P192BR2_M,SUNGLASS,Fastrack,M,D3-1,1.0,,,,,
FT_P218BR2FP_M,SUNGLASS,Fastrack,M,C6R1-4,4.0,,2450/2899,,2450/2899,
FT_P223GR1_M,SUNGLASS,Fastrack,M,BOX(ALMIRA),1.0,,999.0,,999.0,SCRATCH+GLASS MISSING
FT_P230BK1_M,SUNGLASS,Fastrack,M,"C6R1-2,D4-1",3.0,,1999.0,,1999.0,
FT_P230GR3P_M,SUNGLASS,Fastrack,M,D3-1,1.0,,2099.0,,2099.0,
FT_P241BK1_M,SUNGLASS,Fastrack,M,C6R2-1,1.0,,,,,
FT_P265BR2_58,SUNGLASS,Fastrack,58.0,C6R1-3,3.0,,1499.0,,1499.0,
FT_P299OR2_M,SUNGLASS,Fastrack,M,C6R1-3,3.0,,1999.0,,1999.0,
FT_P324BK3F_M,SUNGLASS,Fastrack,M,C6R2-1,1.0,,2099.0,,2099.0,
FT_P335GR2F_M,SUNGLASS,Fastrack,M,C6R2-1,1.0,,1999.0,,1999.0,
FT_P336SL2_M,SUNGLASS,Fastrack,M,D4-1,1.0,,2799.0,,2799.0,
FT_P341BK1_M,SUNGLASS,Fastrack,M,C6R2-1,1.0,,2699.0,,2699.0,
FT_P040BR2_M,SUNGLASS,Fastrack,M,C6R2-1,1.0,,1499.0,,1499.0,
FT_P327BU2_M,FRAME,Fastrack,M,D11-1,1.0,,1999.0,,1999.0,
FT_P360BR4_M,SUNGLASS,Fastrack,M,C6R2-1,1.0,,1699.0,,1699.0,
FT_P429BU4_M,SUNGLASS,Fastrack,M,D4-1,1.0,,799.0,,799.0,
FT_P430BR2_M,SUNGLASS,Fastrack,M,D1-1,1.0,,,,,
FT_PC001BU13_M,SUNGLASS,Fastrack,M,D4-1,1.0,,850.0,,850.0,TEMPLE CODE DAMAGE
FT_C060PR3F_M,SUNGLASS,Fastrack,M,D12-1,1.0,,2150.0,,2150.0,
FT_C060BK2_54,SUNGLASS,Fastrack,54.0,D3-1,1.0,,,,,
FT_C078YL4F_M,SUNGLASS,Fastrack,M,D3-1,1.0,,,,,
ID698_C5_53,,IDEE,53.0,T24S1-1,1.0,,1800.0,,1800.0,
ID908_C2_50,,IDEE,50.0,T68S3-1,1.0,,1800.0,,1800.0,
ID925_C3_51,,IDEE,51.0,T67S3-1,1.0,,1800.0,,1800.0,
ID973_C2_51,,IDEE,51.0,T35S2-1,1.0,,,,,
ID996_C3_51,,IDEE,51.0,T4S2-1,1.0,,,,,
ID997_C3_52,CODE DAMMAGE,IDEE,52.0,T24S1-1,1.0,,,,,
ID1027_C2_53,RECTANGLE SUPRA METAL FRAME,IDEE,53.0,T68S3-1,1.0,,1800.0,,1800.0,
ID1027_C4_53,RECTANGLE SUPRA METAL FRAME,IDEE,53.0,T68S3-1,1.0,,1800.0,,1800.0,
ID1047_C1_51,,IDEE,51.0,T35S3-1,1.0,,,,,
ID1047_C2_51,,IDEE,51.0,T35S3-1,1.0,,,,,
ID1200_C5_53,FRAME,IDEE,53.0,T24S2-1,1.0,,,,,
ID1203_C4_52,FRAME,IDEE,52.0,T24S2-1,1.0,,,,,
ID1286_C4_54,FRAME,IDEE,54.0,T65S3-1,1.0,,,,,
ID1296_C3_50,FRAME,IDEE,50.0,"C2R4-1,T24S1-1",2.0,,2200.0,,2200.0,
ID1297_C3_52,CATEYE FULL SHEET FRAME,IDEE,52.0,T66S1-1,1.0,,1800.0,,1800.0,
ID1303_C3_54,,IDEE,54.0,T4S1-1,1.0,,2200.0,,2200.0,
ID1375_C3_53,,IDEE,53.0,T65S2-1,1.0,,,,,
ID1425_C2_48,FRAME,IDEE,48.0,"C2R3-5,T69S3-1",6.0,,1990.0,,1990.0,
ID1426_C1_49,ROUND FULL METAL FRAME,IDEE,49.0,"T17S3-1,C2R2-1",2.0,,1990.0,,1990.0,
ID1426_C2_49,,IDEE,49.0,"C2R4-6,T66S3-1",7.0,,1990/1950,,1990/1950,
ID1426_C4_49,ROUND FULL METAL FRAME,IDEE,49.0,T17S3-1,1.0,,1950.0,,1950.0,
ID1427_C1_52,FRAME,IDEE,52.0,"C2R4-1,T67S3-1",2.0,,1990.0,,1990.0,
ID1427_C5_52,RECTANGLE FULL METAL FRAME,IDEE,52.0,"C2R4-1,T67S3-1",2.0,,1990.0,,1990.0,
ID1428_C1_47,,IDEE,47.0,"C2R4-2,T17S3-1",3.0,,1990.0,,1990.0,
ID1430_C1_52,,IDEE,52.0,"C2R3-2,T24S3-1",3.0,,1990.0,,1990.0,
ID1430_C4_52,FRAME,IDEE,52.0,"C2R3-3,T67S2-1",4.0,,1950.0,,1950.0,
ID1471_C3_50,,IDEE,50.0,"C2R4-1,T66S3-1",2.0,,2250.0,,2250.0,
ID1474_C2_54,,IDEE,54.0,T67S2-1,1.0,,,,,
ID1474_C5_54,,IDEE,54.0,C2R4-1,1.0,,2450.0,,2450.0,
ID1475_C7_48,ROUND FULL SHEET FRAME,IDEE,48.0,T17S1-1,1.0,,2450.0,,2450.0,
ID1478_C4_53,,IDEE,53.0,T66S3-1,1.0,,2450.0,,2450.0,
ID1480_C4_51,RECTANGLE FULL METAL FRAME,IDEE,51.0,T4S2-1,1.0,,2450.0,,2450.0,
ID1482_C6_51,FRAME,IDEE,51.0,NA,0.0,,2160.0,,2160.0,
ID1484_C3_51,RIMLESS FRAME,IDEE,51.0,NA,0.0,,2450.0,,2450.0,SIDE TEMPLE CODE DAMAGE
ID1485_C6_50,FRAME,IDEE,50.0,T17S1-1,1.0,,2050.0,,2050.0,MRP LEVEL MISSING
ID1486_C4_50,CATEYE FULL METAL FRAME,IDEE,50.0,T68S1-1,1.0,,2050.0,,2050.0,
ID1487_C1_51,FRAME,IDEE,51.0,"C2R4-3,T24S1-1",4.0,,2450.0,,2450.0,
ID1487_C6_51,RECTANGLE FULL SHEET FRAME,IDEE,51.0,T66S1-1,1.0,,2450.0,,2450.0,SIDE TEMPLE CODE DAMAGE
ID1490_C4_53,FRAME,IDEE,53.0,"T4S2-1,T4S3-1",2.0,,2390.0,,2390.0,
ID1495_C2_51,FRAME,IDEE,51.0,T4S3-1,1.0,,2450.0,,2450.0,
ID1495_C5_51,FRAME,IDEE,51.0,T68S2-1,1.0,,2450.0,,2450.0,
ID1508_C1_50,RECTANGLE FULL SHEET FRAME,IDEE,50.0,C2R3-5,5.0,,2160.0,,2160.0,
ID1508_C2_50,FRAME,IDEE,50.0,"C2R3-7,T24S3-1",8.0,,2160.0,,2160.0,
ID1508_C3_50,FRAME,IDEE,50.0,"C2R3-7,T67S2-1,T66S2-1,T65S3-1",10.0,,2160.0,,2160.0,
ID1508_C4_50,FRAME,IDEE,50.0,C2R3-3,3.0,,2160.0,,2160.0,
ID1508_C5_50,FRAME,IDEE,50.0,C2R3-3,3.0,,2150.0,,2150.0,
ID1511_C2_51,FRAME,IDEE,51.0,"C2R3-6,T17S2-1",7.0,,2160.0,,2160.0,
ID1511_C5_51,FRAME,IDEE,51.0,T66S2-1,1.0,,2160.0,,2160.0,
ID1536_C1_51,FRAME,IDEE,51.0,T17S2-1,1.0,,,,,
ID1521_C2_51,FRAME,IDEE,51.0,T35S1-1,1.0,,2150.0,,2150.0,
ID1521_C3_51,FRAME,IDEE,51.0,"T35S1-1,C2R2-1",2.0,,2150.0,,2150.0,
ID1519_C1_49,FRAME,IDEE,49.0,"C2R2-1,T4S1-1",2.0,,,,,
ID1541_C1_53,FRAME,IDEE,53.0,C2R4-3,3.0,,1950.0,,1950.0,PCS TEMPLE CODE DAMAGE
ID1541_C2_53,FRAME,IDEE,53.0,C2R4-1,1.0,,1950.0,,1950.0,
ID1541_C3_53,FRAME,IDEE,53.0,"C2R3-2,T69S2-1",3.0,,2250(1950),,2250(1950),
ID1541_C4_53,CATEYE FULL SHEET FRAME,IDEE,53.0,C2R3-7,7.0,,1950.0,,1950.0,
ID1541_C5_53,CATEYE FULL SHEET FRAME,IDEE,53.0,"C2R3-3,T69S2-1",4.0,,1950.0,,1950.0,
ID1541_C6_53,,IDEE,53.0,C2R3-1,1.0,,1950.0,,1950.0,
ID1541_C7_53,CATEYE FULL SHEET FRAME,IDEE,53.0,"C2R3-3,T69S2-1",4.0,,1950.0,,1950.0,
ID1542_C1_53,FRAME,IDEE,53.0,C2R3-2,2.0,,1950.0,,1950.0,
ID1542_C4_53,FRAME,IDEE,53.0,"C2R3-5,T69S3-1",6.0,,1950.0,,1950.0,SIDE TEMPLE CODE DAMAGE(1)
ID1542_C5_53,CATEYE FULL SHEET FRAME,IDEE,53.0,C2R3-3,3.0,,1950.0,,1950.0,
ID1542_C7_53,CATEYE FULL SHEET FRAME,IDEE,53.0,"C2R3-6,T69S3-1",7.0,,1950.0,,1950.0,
ID1544_C1_52,FRAME,IDEE,52.0,D11-1,1.0,,2075.0,,2075.0,
ID1544_C6_52,,IDEE,52.0,T17S2-1,1.0,,,,,
ID1545_C2_54,RECTANGLE FULL METAL FRAME,IDEE,54.0,T35S1-1,1.0,,2590.0,,2590.0,
ID1545_C5_54,AVIATOR FULL METAL FRAME,IDEE,54.0,T68S1-1,1.0,,2590.0,,2590.0,
ID1545_C6_54,AVIATOR FULL METAL FRAME,IDEE,54.0,C2R3-1,1.0,,2590.0,,2590.0,
ID1546_C3_52,,IDEE,52.0,T35S1-1,1.0,,,,,
ID1547_C3_51,CATEYE FULL METAL FRAME,IDEE,51.0,C2R2-1,1.0,,2450.0,,2450.0,
ID1547_C4_51,CATEYE FRAME,IDEE,51.0,T68S2-1,1.0,,2450.0,,2450.0,
ID1547_C5_51,CATEYE FRAME,IDEE,51.0,C2R2-1,1.0,,2450.0,,2450.0,
ID1547_C6_51,CATEYE FRAME,IDEE,51.0,C2R2-1,1.0,,2450.0,,2450.0,
ID1548_C1_51,CATEYE FRAME,IDEE,51.0,T68S1-1,1.0,,2450.0,,2450.0,
ID1548_C4_51,CATEYE FRAME,IDEE,51.0,C2R2-1,1.0,,2450.0,,2450.0,
ID1548_C5_51,CATEYE FULL METAL FRAME,IDEE,51.0,C2R2-1,1.0,,2450.0,,2450.0,
ID1557_C6_52,,IDEE,52.0,T17S3-1,1.0,,,,,
ID1559_C3_54,,IDEE,54.0,"C2R4-1,T69S1-1",2.0,,2450.0,,2450.0,
ID1559_C4_54,FRAME,IDEE,54.0,T69S1-1,1.0,,2450.0,,2450.0,
ID1559_C5_54,FRAME,IDEE,54.0,T17S1-1,1.0,,,,,
ID1560_C1_54,CATEYE FULL SHEET FRAME,IDEE,54.0,"C2R4-2,T69S1-1",3.0,,2450.0,,2450.0,
ID1560_C2_54,CATEYE FULL SHEET FRAME,IDEE,54.0,"T17S1-1,C2R4-1",2.0,,2450.0,,2450.0,
ID1560_C4_54,,IDEE,54.0,NA,2.0,,,,,
ID1560_C5_54,,IDEE,54.0,"C2R4-1,T69S1-1",2.0,,2450.0,,2450.0,
ID1561_C1_51,,IDEE,51.0,NA,3.0,,2450.0,,2450.0,
ID1561_C1_54,,IDEE,54.0,"C2R2-7,T4S1-1",8.0,,2450.0,,2450.0,
ID1561_C2_54,CATEYE FULL METAL FRAME,IDEE,54.0,C2R2-8,8.0,,2450.0,,2450.0,
ID1561_C3_54,CATEYE FULL METAL FRAME,IDEE,54.0,C2R2-1,1.0,,2450.0,,2450.0,
ID1561_C4_54,CATEYE FULL METAL FRAME,IDEE,54.0,C2R2-1,1.0,,2450.0,,2450.0,
ID1561_C5_54,CATEYE FULL METAL FRAME,IDEE,54.0,C2R2-1,1.0,,2450.0,,2450.0,
ID1561_C6_54,CATEYE FULL METAL FRAME,IDEE,54.0,T68S2-1,1.0,,2450.0,,2450.0,SIDE TEMPLE CODE DAMAGE
ID1561_C7_54,CATEYE FULL METAL FRAME,IDEE,54.0,C2R2-1,1.0,,2450.0,,2450.0,
ID1562_C1_55,CATEYE FULL METAL FRAME,IDEE,55.0,C2R2-9,9.0,,2450.0,,2450.0,
ID1562_C2_55,,IDEE,55.0,"C2R2-6,T4S1-1",7.0,,2450/2250,,2450/2250,
ID1562_C3_55,CATEYE FULL METAL FRAME,IDEE,55.0,C2R2-1,1.0,,2450.0,,2450.0,
ID1562_C4_55,CATEYE FULL METAL FRAME,IDEE,55.0,C2R2-1,1.0,,2450.0,,2450.0,
ID1562_C6_55,CATEYE FULL METAL FRAME,IDEE,55.0,C2R2-1,1.0,,2450.0,,2450.0,
ID1563_C6_53,SHEET FRAME,IDEE,53.0,C2R2-1,1.0,,2450.0,,2450.0,
ID1563_C6_53,FRAME,IDEE,53.0,BOX(ALMIRA),1.0,,2450.0,,2450.0,COLOR DAMAGE
ID1564_C3_51,ROUND FULL SHEET FRAME,IDEE,51.0,"T17S2-1,C2R4-1",2.0,,2450.0,,2450.0,
ID1564_C4_51,,IDEE,51.0,T69S3-1,1.0,,2450.0,,2450.0,
ID674_C1_55,FRAME,IDEE,55.0,T65S1-1,1.0,,1800.0,,1800.0,
ID722_C3_52,FRAME,IDEE,52.0,"T24S3-1,C2R4-1",2.0,,,,,
ID736_C4_53,,IDEE,53.0,T65S2-1,1.0,,,,,
ID878_C1_52,RIMLESS FRAME,IDEE,52.0,T35S3-1,1.0,,1800.0,,1800.0,
ID906_C4_50,,IDEE,50.0,T67S3-1,1.0,,1800.0,,1800.0,
ID940_C2_52,,IDEE,52.0,T35S3-1,1.0,,,,,
ID950_C2_51,,IDEE,51.0,T35S2-1,1.0,,1800.0,,1800.0,
ID961_C2_51,,IDEE,51.0,T68S3-1,1.0,,2100.0,,2100.0,
ID980_C1_50,,IDEE,50.0,T35S2-1,1.0,,1800.0,,1800.0,
ID1520_C1_50,,IDEE,50.0,"D11-1,box-1(Almira)",2.0,,,,,
IDS1700_C31_M,SUNGLASS,IDEE,M,T81S1-1,1.0,,2250.0,,2250.0,
IDS1874_C2_59,SUNGLASS,IDEE,59.0,T58S2-1,1.0,,2280.0,,2280.0,
IDS1961_C3P_58,SUNGLASS,IDEE,58.0,T57S2-1,1.0,,2970.0,,2970.0,
IDS2001_C62P_58,SUNGLASS,IDEE,58.0,"T58S2-1,T58S3-1",2.0,,2280.0,,2280.0,
IDS2001_C67P_58,SUNGLASS,IDEE,58.0,T58S2-1,1.0,,2280.0,,2280.0,
IDS2170_C1_52,SUNGLASS,IDEE,52.0,D8-1,1.0,,2850.0,,2850.0,
IDS2193_C2_58,SUNGLASS,IDEE,58.0,D8-1,1.0,,2650.0,,2650.0,
IDS2225_C1_53,SUNGLASS,IDEE,53.0,D8-1,1.0,,2250.0,,2250.0,
IDS2232_C1_49,SUNGLASS,IDEE,49.0,T81S3-1,1.0,,2250.0,,2250.0,
IDS2266_C3_56,SUNGLASS,IDEE,56.0,T56S1-1,1.0,,2495.0,,2495.0,
IDS2297_C1_57,SUNGLASS,IDEE,57.0,D8-1,1.0,,2480.0,,2480.0,
IDS2301_C17P_58,SUNGLASS,IDEE,58.0,C2R1-1,1.0,,2750.0,,2750.0,
IDS2337_C2_54,SUNGLASS,IDEE,54.0,T57S1-1,1.0,,2590.0,,2590.0,
IDS2343_C14P_58,SUNGLASS,IDEE,58.0,D2-1,1.0,,2850.0,,2850.0,
IDS2344_C1P_54,SUNGLASS,IDEE,54.0,"D8-1,D2-1(SCRATCH)",2.0,,2850.0,,2850.0,
IDS2350_C1_50,SUNGLASS,IDEE,50.0,T81S3-1,1.0,,2950.0,,2950.0,
IDS2350_C4_50,SUNGLASS,IDEE,50.0,T57S2-1,1.0,,2950.0,,2950.0,
IDS2351_C3_56,SUNGLASS,IDEE,56.0,D8-1,1.0,,2950.0,,2950.0,
IDS2352_C3_56,SUNGLASS,IDEE,56.0,D8-1,1.0,,2950.0,,2950.0,
IDS2354_C2P_M,SUNGLASS,IDEE,M,"T55S2-1,Box-1(almira)",2.0,,2590.0,,2590.0,
IDS2365_C3P_M,SUNGLASS,IDEE,M,BOX(ALMIRA),1.0,,2750.0,,2750.0,SCRATCH
IDS2375_C2_53,SUNGLASS,IDEE,53.0,D8-1,1.0,,2590.0,,2590.0,
IDS2379_C2_56,SUNGLASS,IDEE,56.0,T57S1-1,1.0,,2350.0,,2350.0,
IDS2392_C2_49,SUNGLASS,IDEE,49.0,T81S3-1,1.0,,2550.0,,2550.0,
IDS2401_C2_52,SUNGLASS,IDEE,52.0,D2-1,1.0,,2850.0,,2850.0,CODE DAMMAGE
IDS2401_C3_52,SUNGLASS,IDEE,52.0,T55S2-1,1.0,,2850.0,,2850.0,
IDS2402_C10P_56,SUNGLASS,IDEE,56.0,T81S2-1,1.0,,2780.0,,2780.0,
IDS2404_C2_57,SUNGLASS,IDEE,57.0,"C2R1-1,T56S2-1",2.0,,2350.0,,2350.0,
IDS2404_C4P_57,SUNGLASS,IDEE,57.0,na,1.0,,2590.0,,2590.0,
IDS2406_C3_60,SUNGLASS,IDEE,60.0,T81S2-1,1.0,,2350.0,,2350.0,
IDS2408_C3_53,SUNGLASS,IDEE,53.0,T80S3-1,1.0,,2350.0,,2350.0,
IDS2408_C5P_53,SUNGLASS,IDEE,53.0,T55S1-1,1.0,,2590.0,,2590.0,
IDS2409_C1P_58,SUNGLASS,IDEE,58.0,BOX(ALMIRA),1.0,,2590.0,,2590.0,SCRATCH
IDS2413_C1_62,SUNGLASS,IDEE,62.0,T57S1-1,1.0,,2850.0,,2850.0,
IDS2416_C2_55,SUNGLASS,IDEE,,C2R1-1,1.0,,2590.0,,2590.0,
IDS2424_C4P_M,SUNGLASS,IDEE,M,BOX(ALMIRA),1.0,,DAMAGE,,DAMAGE,
IDS2428_C3_M,SUNGLASS,IDEE,M,T55S3-1,1.0,,2980.0,,2980.0,
IDS2434_C3_54,SUNGLASS,IDEE,49.0,T57S2-1,1.0,,2780.0,,2780.0,
IDS2438_C2_57,SUNGLASS,IDEE,57.0,T58S3-1,1.0,,2590.0,,2590.0,
IDS2442_C3_51,SUNGLASS,IDEE,51.0,T56S1-1,1.0,,2080.0,,2080.0,
IDS2442_C5_51,SUNGLASS,IDEE,51.0,T57S3-1,1.0,,2080.0,,2080.0,
IDS2472_C2_52,SUNGLASS,IDEE,52.0,D8-1,1.0,,2450.0,,2450.0,
IDS2473_C1_52,SUNGLASS,IDEE,52.0,"D8-1,C2R1B1-1",2.0,,2780.0,,2780.0,
IDS2473_C3_52,SUNGLASS,IDEE,,C2R1B1-1,1.0,,2780.0,,2780.0,
IDS2476_C1_62,SUNGLASS,IDEE,62.0,"C2R1-1,T55S1-1",2.0,,2590.0,,2590.0,
IDS2476_C2_62,SUNGLASS,IDEE,62.0,T55S1-1,1.0,,2590.0,,2590.0,
IDS2476_C3_62,SUNGLASS,IDEE,62.0,T55S1-1,1.0,,2590.0,,2590.0,
IDS2477_C2_56,SUNGLASS,IDEE,56.0,T56S1-1,1.0,,2590.0,,2590.0,
IDS2485_C1_57,SUNGLASS,IDEE,57.0,"T81S1-1,C2R1-1",2.0,,2590.0,,2590.0,
IDS2486_C2_53,SUNGLASS,IDEE,53.0,T81S3-1,1.0,,2780.0,,2780.0,
IDS2493_C1_55,SUNGLASS,IDEE,55.0,"C2R1-1,T56S2-1",2.0,,2590.0,,2590.0,
IDS2495_C2_58,SUNGLASS,IDEE,58.0,T58S2-1,1.0,,2950.0,,2950.0,
IDS2496_C2_53,SUNGLASS,IDEE,53.0,T55S3-1,1.0,,2950.0,,2950.0,
IDS2498_C2_58,SUNGLASS,IDEE,58.0,T55S3-1,1.0,,2950.0,,2950.0,
IDS2499_C4_59,SUNGLASS,IDEE,59.0,T81S2-1,1.0,,2650.0,,2650.0,
IDS2500_C30_58,SUNGLASS,IDEE,58.0,T58S1-1,1.0,,,,,
IDS2500_C44_58,SUNGLASS,IDEE,58.0,D2-1,1.0,,2590.0,,2590.0,
IDS2500_C48_58,SUNGLASS,IDEE,58.0,D8-1,1.0,,2780.0,,2780.0,
IDS2500_C52_58,SUNGLASS,IDEE,58.0,T58S1-1,1.0,,2590.0,,2590.0,
IDS2500_C54_58,SUNGLASS,IDEE,58.0,T58S1-1,1.0,,2590.0,,2590.0,
IDS2500_C56_58,SUNGLASS,IDEE,58.0,T81S1-1,1.0,,2590.0,,2590.0,
IDS2503_C3_58,SUNGLASS,IDEE,M,C2R1B1,1.0,,2950.0,,2950.0,
IDS2505_C1P_54,SUNGLASS,IDEE,54.0,"C2R1-1,T58S3-1",2.0,,2950.0,,2950.0,
IDS2506_C1_66,SUNGLASS,IDEE,66.0,T80S3-1,1.0,,2360.0,,2360.0,
IDS2506_C3_M,SUNGLASS,IDEE,M,D1-1,1.0,,2360.0,,2360.0,SCRATCH
IDS2508_C2_58,SUNGLASS,IDEE,58.0,D2-1,1.0,,2850.0,,2850.0,
IDS2508_C4_58,SUNGLASS,IDEE,58.0,T81S1-1,1.0,,2850.0,,2850.0,
IDS2508_C7_58,SUNGLASS,IDEE,58.0,T58S1-1,1.0,,2850/2950,,2850/2950,
IDS2514_C1_53,SUNGLASS,IDEE,53.0,D8-1,1.0,,2780.0,,2780.0,
IDS2519_C4_61,SUNGLASS,IDEE,61.0,"C2R1-1,T57S1-1",2.0,,2780.0,,2780.0,
IDS2520_C1_53,SUNGLASS,IDEE,53.0,D1-1,1.0,,2590.0,,2590.0,
IDS2522_C2_58,SUNGLASS,IDEE,58.0,T56S2-1,1.0,,2590.0,,2590.0,
IDS2523_C1P_M,SUNGLASS,IDEE,M,C2R1-1,1.0,,,,,
IDS2523_C2P-55,SUNGLASS,IDEE,55.0,C2R1-1,1.0,,2780.0,,2780.0,
IDS2524_C2_60,SUNGLASS,IDEE,60.0,T55S3-1,1.0,,,,,
IDS2526_C3_60,SUNGLASS,IDEE,60.0,D8-1,1.0,,2780.0,,2780.0,
IDS2528_C2_M,SUNGLASS,IDEE,M,T55S2-1,1.0,,2780.0,,2780.0,
IDS2528_C3_58,SUNGLASS,IDEE,58.0,T58S3-1,1.0,,2780.0,,2780.0,
IDS2532_C1_51,SUNGLASS,IDEE,51.0,C2R1-1,1.0,,2150.0,,2150.0,
IDS2532_C2_51,SUNGLASS,IDEE,51.0,T56S3-1,1.0,,2150.0,,2150.0,
IDS2532_C3_51,SUNGLASS,IDEE,51.0,"C2R1-1,D5-1",2.0,,2150.0,,2150.0,
IDS2536_C4_60,SUNGLASS,IDEE,60.0,D2-1,1.0,,2850.0,,2850.0,
IDS2538_C1_49,SUNGLASS,IDEE,49.0,"C2R1-1,T56S3-1",2.0,,2590.0,,2590.0,
IDS2538_C3_49,SUNGLASS,IDEE,49.0,"C2R1-1,T56S3-1",2.0,,2590.0,,2590.0,
IDS2538_C4_49,SUNGLASS,IDEE,,C2R1B1-1,1.0,,2590.0,,2590.0,
IDS2538_C5_49,SUNGLASS,IDEE,49.0,"T56S3-1,C2R1B1-1",2.0,,2590.0,,2590.0,
IDS2539_C1_55,SUNGLASS,IDEE,55.0,C2R1-1,1.0,,2380.0,,2380.0,
IDS2539_C3_57,SUNGLASS,IDEE,57.0,T56S2-1,1.0,,2780.0,,2780.0,
IDS2550_C1_58,SUNGLASS,IDEE,58.0,"C2R1-1,T57S3-1",2.0,,2780.0,,2780.0,
IDS2550_C3_58,SUNGLASS,IDEE,58.0,T57S3-1,1.0,,2850.0,,2850.0,
IDS2551_C2_57,SUNGLASS,IDEE,57.0,"T57S3-1,C2R1-1",2.0,,2950.0,,2950.0,
IDS2552_C1_M,SUNGLASS,IDEE,M,NA,0.0,,,,,
IDS2552_C3_56,SUNGLASS,IDEE,56.0,"C2R1-1,T57S2-1",2.0,,2950.0,,2950.0,
IDS2553_C3_M,SUNGLASS,IDEE,M,NA,0.0,,,,,
IDS2554_C1_60,SUNGLASS,IDEE,60.0,NA,0.0,,2495.0,,2495.0,
IDS2621_C3_57,SUNGLASS,IDEE,57.0,T81S2-1,1.0,,3350.0,,3350.0,
IL9363_C7_52,RECTANGLE SUPRA METAL FRAME,INSIST,52.0,L4D5S2-1,1.0,,1600.0,,1600.0,
IL9444_C4_50,RECTANGLE SUPRA METAL FRAME,INSIST,50.0,T20S2-1,1.0,,1600.0,,1600.0,
IL9453_C3_48,RECTANGLE SUPRA METAL FRAME,INSIST,48.0,NA,0.0,,1600.0,,1600.0,
IL9491_C3_49,ROUND FULL METAL FRAME,INSIST,49.0,NA,0.0,,1600.0,,1600.0,
IL9494_C2_49,ROUND FULL METAL FRAME,INSIST,49.0,NA,0.0,,1600.0,,1600.0,
IL9845_C2_48,ROUND FULL METAL FRAME,INSIST,48.0,D10-1,1.0,,1600.0,,1600.0,SJ
IM2311_C2_60,FRAME,IMAGE,60.0,T77S3-1,1.0,,2150.0,,2150.0,
IM2333_C1_53,RIMLESS,IMAGE,53.0,NA,0.0,,2150.0,,2150.0,
IM2338_C3_52,RECTANGLE FULL METAL FRAME,IMAGE,52.0,T77S2-1,1.0,,2150.0,,2150.0,
IM2348_C1_49,FRAME SUPRA METAL,IMAGE,49.0,T77S3-1,1.0,,,,,
IM2351_C3_52,RECTANGLE FULL SHEET FRAME,IMAGE,52.0,NA,0.0,,2150.0,,2150.0,
IM2356_C1_52,RECATNGLE SUPRA METAL FRAME,IMAGE,52.0,na,1.0,,2150.0,,2150.0,
IM2357_C1_50,FRAME,IMAGE,50.0,T77S2-1,1.0,,,,,
IM2357_C2_50,FRAME,IMAGE,50.0,C1R1B1-1,1.0,,,,,
IM2358_C2_53,FRAME,IMAGE,53.0,T77S2-1,1.0,,,,,
IM2328_C1_52,RECTANGLE FULL METAL FRAME,IMAGE,52.0,T77S2-1,1.0,,2150.0,,2150.0,SIDE TEMPLE CODE DAMAGE
IM362P_C2_M,SUNGLASS,IMAGE,M,T82S3-1,1.0,,3000.0,,3000.0,
Image7000_C2_M,SUNGLASS,IMAGE,M,NA,0.0,,3200.0,,3200.0,
IM277_C3_M,SUNGLASS,IMAGE,M,T82S3-1,1.0,,3200.0,,3200.0,
IS6241_C21_53,CATEYE FULL SHEET FRAME,INSIST,53.0,D11-1,1.0,,1600.0,,1600.0,
IS6290_C4_49,RIMLESS FRAME,INSIST,49.0,L1D1S2-1,1.0,,1600.0,,1600.0,
IS6371_C1_53,RECTANGLE SUPRA METAL FRAME,INSIST,53.0,na,0.0,,1600.0,,1600.0,
IZ105_COL1_54,SUNGLASS,IZARRA,54.0,T39S2-1,1.0,,,,,SCRATCH
IZ144_00232_M,SUNGLASS,IZARRA,M,NA,0.0,,2225.0,,2225.0,
IZ233_C2_54,SUNGLASS,IZARRA,54.0,D3-1,1.0,,2500.0,,2500.0,
IZ233_C3_54,SUNGLASS,IZARRA,54.0,NA,0.0,,2500.0,,2500.0,
IZ258_C3_54,SUNGLASS,IZARRA,54.0,T39S2-1,1.0,,2500.0,,2500.0,SCRATCH
IZ278_C2_54,SUNGLASS,IZARRA,54.0,NA,0.0,,2225.0,,2225.0,
IZ279_C2_M,SUNGLASS,IZARRA,M,T82S3-1,1.0,,,,,
IZ281_C1_54,SUNGLASS,IZARRA,54.0,T39S1-2,2.0,,2500.0,,2500.0,SCRATCH
IZ303_C2_54,SUNGLASS,IZARRA,54.0,D12-1,1.0,,2225.0,,2225.0,
IZ398_C1_54,SUNGLASS,IZARRA,54.0,T39S3-1,1.0,,2500.0,,2500.0,SCRATCH
IZ398_C3_54,SUNGLASS,IZARRA,54.0,T39S3-1,1.0,,2225.0,,2225.0,SCRATCH
IZ485_C2_54,SUNGLASS,IZARRA,54.0,C1R1B3-1,1.0,,2225.0,,2225.0,
IZ500_C2_54,SUNGLASS,IZARRA,54.0,NA,0.0,,2500.0,,2500.0,
IZ508_C1_54,SUNGLASS,IZARRA,54.0,NA,0.0,,2500.0,,2500.0,
IZ508_C2_54,SUNGLASS,IZARRA,54.0,NA,0.0,,2500.0,,2500.0,
IZ518_C1_54,#REF!,IZARRA,54.0,T43S1-1,1.0,,2225.0,,2225.0,
IZ518_C2_54,SUNGLASS,IZARRA,54.0,T82S3-1,1.0,,2225.0,,2225.0,
IZ518_C3_54,SUNGLASS,IZARRA,54.0,T39S2-1,1.0,,2225.0,,2225.0,SCRATCH
IZ523_C2_54,SUNGLASS,IZARRA,54.0,T39S1-1,1.0,,2500.0,,2500.0,SCRATCH
IZ523_C3_54,SUNGLASS,IZARRA,54.0,T39S1-1,1.0,,2500.0,,2500.0,SCRATCH
IZ525_C1_54,SUNGLASS,IZARRA,54.0,DS2-1,1.0,,2500.0,,2500.0,
IZ525_C2_54,SUNGLASS,IZARRA,54.0,C1R1B3-1,1.0,,2500.0,,2500.0,
IZ588_C3_54,SUNGLASS,IZARRA,54.0,NA,0.0,,2500.0,,2500.0,
IZ607_00168_54,SUNGLASS,IZARRA,54.0,T39S2-1,1.0,,2500.0,,2500.0,SCRATCH
KX7091_2197_52,FRAME,KILLER LOOP,52.0,T79S3-1,1.0,,2590.0,,2590.0,
KX7107_2209_52,FRAME,KILLER LOOP,52.0,L5D6S1-1,1.0,,2590.0,,2590.0,
KX7109_2019_50,FRAME,KILLER LOOP,50.0,T79S1-1,1.0,,2700.0,,2700.0,
KX7646_1010_49,FRAME,KILLER LOOP,49.0,T79S2-1,1.0,,2930.0,,2930.0,
KX7666_1032_53,FRAME,KILLER LOOP,53.0,T79S2-1,1.0,,2450.0,,2450.0,
KX7674_1006_52,FRAME,KILLER LOOP,52.0,T79S2-1,1.0,,3050.0,,3050.0,
KX7674_1096S_50,FRAME,KILLER LOOP,50.0,T79S2-1,1.0,,3050.0,,3050.0,
KC0212_052_54,RECTANGLE FULL SHEET FRAME,KENNETH COLE,54.0,T73S3-1,1.0,,7000.0,,7000.0,50%OFF
KC0240_62R_51,BOTH,KENNETH COLE,51.0,T52S2-1,1.0,,7000.0,,7000.0,50% OFF
KC1253S_52F_60,SUNGLASS,KENNETH COLE,60.0,T43S3-1,1.0,,3125.0,,3125.0,
KC1288_08B_58,SUNGLASS,KENNETH COLE,58.0,T43S2-1,1.0,,3125.0,,3125.0,
KC1288_32E_58,SUNGLASS,KENNETH COLE,58.0,T43S3-1,1.0,,3125.0,,3125.0,
KC1234_53F_62,SUNGLASS,KENNETH COLE,62.0,T43S3-1,1.0,,3125.0,,3125.0,
LL1927_C2_49,CATEYE FULL SHEET FRAME,LANZO LOUIS,49.0,NA,0.0,,1560.0,,1560.0,SIDE TEMPLE CODE DAMAGE
LL3606_C2_53,RECTANGLE FULL METAL FRAME,LANZO LOUIS,53.0,T77S3-1,1.0,,1560.0,,1560.0,SIDE TEMPLE CODE OR BRAND NAME DAMAGE
LL5674_C2_51,RECTANGLE SUPRA METAL FRAME,LANZO LOUIS,51.0,D11-1,1.0,,1560.0,,1560.0,
LL5674_C4_51,RECTANGLE SUPRA METAL FRAME,LANZO LOUIS,51.0,T77S3-1,1.0,,1560.0,,1560.0,
LL5682_C5_53,RECATNGLE SUPRA METAL FRAME,LANZO LOUIS,53.0,D11-1,1.0,,1560.0,,1560.0,
LL8001_C1_M,BOTH,LANZO LOUIS,M,D11-1,1.0,,1560.0,,1560.0,
LL8006_C3_M,BOTH,LANZO LOUIS,M,DS3-1,1.0,,1560.0,,1560.0,
MAC STALIN,RECATNGLE SUPRA METAL FRAME,MAC STALIN,,"CT1-1,T25S1-3",4.0,,1500.0,,1500.0,
MK1010_110011_54,SUNGLASS,MICHAEL KORS,54.0,T43S1-1,1.0,,10500.0,,10500.0,
OO9013_F7_55,SUNGLASS,OAKLEY,55.0,T45S3-1,1.0,,8190.0,,8190.0,
OO9102_01_55,SUNGLASS,OAKLEY,55.0,NA,0.0,,6190.0,,6190.0,
OO9154_49_62,SUNGLASS,OAKLEY,62.0,T45S2-1,1.0,,6990.0,,6990.0,
OO9188_16_59,SUNGLASS,OAKLEY,59.0,T45S1-1,1.0,,10790.0,,10790.0,
OO9247_13_57,SUNGLASS,OAKLEY,57.0,T45S3-1,1.0,,10990.0,,10990.0,
OO9265_02_59,,OAKLEY,59.0,NA,0.0,,,,,
OO9316_04_63,SUNGLASS,OAKLEY,63.0,T45S2-3,3.0,,20290.0,,20290.0,
OO9341_05_57,SUNGLASS,OAKLEY,57.0,NA,0.0,,6690.0,,6690.0,
OX1131_04_52,FRAME,OAKLEY,52.0,T33S1-1,1.0,,,,,
OX1131_06_52,FRAME,OAKLEY,52.0,T33S1-1,1.0,,,,,
OX1136_06_52,,OAKLEY,52.0,NA,0.0,,,,,
OP3023_C4_51,RECTANGLE FULL SHEET FRAME,OPIUM,51.0,DS3-1,1.0,,2250.0,,2250.0,
OP3023_C1_51,RECTANGLE FULL FRAME,OPIUM,51.0,"C1R1B1-1,DS3-1",2.0,,2250.0,,2250.0,
OP3023_C2_51,RECTANGLE FULL FRAME,OPIUM,51.0,C1R1B1-1,1.0,,2250.0,,2250.0,
OP3023_C5_51,RECTANGLE FULL FRAME,OPIUM,51.0,DS3-1,1.0,,2250.0,,2250.0,
OP3024_C2_53,RECTANGLE FULL FRAME,OPIUM,53.0,DS3-1,1.0,,2250.0,,2250.0,
OP3025_C2_53,RECTANGLE FULL FRAME,OPIUM,53.0,DS3-1,1.0,,2250.0,,2250.0,
OP3026_C1_53,RECTANGLE FULL FRAME,OPIUM,53.0,NA,0.0,,2250.0,,2250.0,
OP3026_C2_53,RECTANGLE FULL FRAME,OPIUM,53.0,C1R1B1-1,1.0,,2250.0,,2250.0,
OP3026_C7_53,RECTANGLE FULL FRAME,OPIUM,53.0,DS3-1,1.0,,2250.0,,2250.0,
OP2102_C31_52,FRAME,OPIUM,52.0,NA,0.0,,1750.0,,1750.0,
OP2103_C94_53,FRAME,OPIUM,53.0,NA,0.0,,1750.0,,1750.0,
OP2105_C01_54,FRAME,OPIUM,54.0,na,0.0,,1750.0,,1750.0,
OP2100_C01_52,FRAME,OPIUM,52.0,na,0.0,,1750.0,,1750.0,
OP2134_C01_51,FRAME,OPIUM,51.0,na,0.0,,3200.0,,3200.0,
OP2170_C46_50,FRAME,OPIUM,50.0,NA,0.0,,1750.0,,1750.0,
OX3131_06_53,RECTANGLE FULL METAL FRAME,OAKLEY,53.0,T36S1-1,1.0,,5490.0,,5490.0,
OX3165_03_53,RECATNGLE SUPRA METAL FRAME,OAKLEY,53.0,T36S1-1,1.0,,5490.0,,5490.0,
PA7037_C01_M,SUNGLASS,PARK AVENUE,M,T44S3-1,1.0,,2375.0,,2375.0,
PA7037_C03_M,SUNGLASS,PARK AVENUE,M,T44S3-1,1.0,,2375.0,,2375.0,
PA7058_C03_M,SUNGLASS,PARK AVENUE,M,T44S2-1,1.0,,3375.0,,3375.0,
PA7069_C02_M,SUNGLASS,PARK AVENUE,M,D1-1,1.0,,2375.0,,2375.0,
PA7072_C03_54,SUNGLASS,PARK AVENUE,54.0,D1-1,1.0,,4250.0,,4250.0,
PA7076_C04_M,SUNGLASS,PARK AVENUE,M,D12-1,1.0,,4750.0,,4750.0,
PA7086_C02_M,SUNGLASS,PARK AVENUE,M,T44S2-1,1.0,,3750.0,,3750.0,
PA7089_C03_58,SUNGLASS,PARK AVENUE,58.0,T43S2-1,1.0,,2950.0,,2950.0,
PA7092_C02_M,SUNGLASS,PARK AVENUE,M,D12-1,1.0,,2950.0,,2950.0,
PA7092_C03_61,SUNGLASS,PARK AVENUE,61.0,T44S2-1,1.0,,2950.0,,2950.0,
PA7093_C01_60,SUNGLASS,PARK AVENUE,60.0,T44S2-1,1.0,,2950.0,,2950.0,
PA7093_C03_50,SUNGLASS,PARK AVENUE,50.0,T44S1-2,2.0,,2950.0,,2950.0,
PA7095_C03_M,SUNGLASS,PARK AVENUE,M,D12-1,1.0,,3500.0,,3500.0,
PA7097_C02_M,SUNGLASS,PARK AVENUE,M,T44S1-1,1.0,,2950.0,,2950.0,
PA7100_C01_M,SUNGLASS,PARK AVENUE,M,NA,0.0,,2950.0,,2950.0,
PA7104_C01_M,SUNGLASS,PARK AVENUE,M,T44S1-1,1.0,,3350.0,,3350.0,
PA7106_C03_M,SUNGLASS,PARK AVENUE,M,NA,0.0,,3350.0,,3350.0,
PC6830_UJM_56,RIMLESS,PIERE CARDIN,56.0,NA,0.0,,3400.0,,3400.0,
PC8808_DM4_55,FRAME,PIERE CARDIN,55.0,T36S1-1,1.0,,,,,
PC8824_EEI_62,RIMLESS,PIERE CARDIN,62.0,T36S1-1,1.0,,,,,
PC8827_SSH_55,RIMLESS,PIERE CARDIN,55.0,NA,0.0,,3400.0,,3400.0,
PR15QS_1AB0A7_53,SUNGLASS,PRADA,53.0,T11S3-1,1.0,,17000.0,,17000.0,
PR27NS_1AB3M1_55,SUNGLASS,PRADA,55.0,T82S2-1,1.0,,17000.0,,17000.0,
SPR52P_ZVN1X1_61,SUNGLASS,PRADA,,DS2-1,1.0,,17000.0,,17000.0,
PR4063_C02_60,SUNGLASS,PROVOGUE,60.0,D1-1,1.0,,2590.0,,2590.0,
PR4096_C01_M,SUNGLASS,PROVOGUE,M,D1-1,1.0,,2250.0,,2250.0,
PR4096_C03_M,SUNGLASS,PROVOGUE,M,D1-1,1.0,,2250.0,,2250.0,
PR4102_C04_58,SUNGLASS,PROVOGUE,58.0,NA,0.0,,2250.0,,2250.0,
RC522S_01B_63,SUNGLASS,ROBERTO CARVELLI,63.0,NA,0.0,,,,,
RC583S_69Z_64,SUNGLASS,ROBERTO CARVELLI,64.0,T11S3-1,1.0,,,,,
PAGE 4,RECTANGLE FRAME,PAGE 4,,"L2D1-9,DS3-1",10.0,,800.0,,800.0,
RC596S_08B_61,SUNGLASS,ROBERTO CARVELLI,61.0,T44S3-1,1.0,,9000.0,,9000.0,
RB2132_710_58,SUNGLASS,RAYBAN,58.0,C5R1-2,2.0,,10490.0,,10490.0,
RB2132_71051_55,SUNGLASS,RAYBAN,55.0,"C5R1-3,T47S1-1",4.0,,11190.0,,11190.0,
RB2132_90158_55,SUNGLASS,RAYBAN,55.0,C5R1-1,1.0,,12590.0,,12590.0,
RB2132_902_52,SUNGLASS,RAYBAN,52.0,C5R1-1,1.0,,10490.0,,10490.0,
RB2140_955_52,SUNGLASS,RAYBAN,52.0,T47S1-1,1.0,,,,,
RB2180_6277B1_49,SUNGLASS,RAYBAN,49.0,T47S1-1,1.0,,8890.0,,8890.0,
RB2448N_710_51,SUNGLASS,RAYBAN,51.0,NA,0.0,,9490.0,,9490.0,
RB3016_114517_51,SUNGLASS,RAYBAN,51.0,C5R1-1,1.0,,12590.0,,12590.0,
RB3025_00168_58,SUNGLASS,RAYBAN,58.0,T47S2-1,1.0,,9390.0,,9390.0,
RB3016_1160_51,SUNGLASS,RAYBAN,51.0,C5R1-1,1.0,,10190.0,,10190.0,
RB3025_00133_58,SUNGLASS,RAYBAN,58.0,C5R1-3,3.0,,11190.0,,11190.0,
RB3025_0013E_55,SUNGLASS,RAYBAN,55.0,C5R1-1,1.0,,10090.0,,10090.0,
RB3025_0013E_62,SUNGLASS,RAYBAN,62.0,C5R1-1,1.0,,10090/8890,,10090/8890,
RB3025_0013F_58,SUNGLASS,RAYBAN,58.0,C5R1-6,6.0,,8490.0,,8490.0,
RB3025_0013K_58,SUNGLASS,RAYBAN,58.0,C5R1-1,1.0,,10090.0,,10090.0,
RB3025_0016_55,SUNGLASS,RAYBAN,55.0,T47S3-1,1.0,,6390.0,,6390.0,
RB3025_11217_62,SUNGLASS,RAYBAN,58.0,C5R4-1,1.0,,10090.0,,10090.0,(SCRATCH)
RB3025_11217_58,SUNGLASS,RAYBAN,55.0,C5R4-1,1.0,,10090.0,,10090.0,
RB3025_00151_55,SUNGLASS,RAYBAN,55.0,T47S3-1,1.0,,9490.0,,9490.0,DAMAGE-1
RB3025_00151_58,SUNGLASS,RAYBAN,58.0,C5R2-6,6.0,,8090.0,,8090.0,
RB3025_00157_55,SUNGLASS,RAYBAN,55.0,C5R2-1,1.0,,9890.0,,9890.0,
RB3025_00157_58,SUNGLASS,RAYBAN,58.0,C5R2-1,1.0,,10890.0,,10890.0,
RB3025_00158_58,SUNGLASS,RAYBAN,58.0,T47S3-1,1.0,,8190/10890,,8190/10890,
RB3025_00217_58,SUNGLASS,RAYBAN,58.0,T47S2-1,1.0,,9490.0,,9490.0,
RB3025_0023F_58,SUNGLASS,RAYBAN,58.0,NA,0.0,,5990/7490,,5990/7490,
RB3025_0024O_58,SUNGLASS,RAYBAN,58.0,C5R1-1,1.0,,12590.0,,12590.0,
RB3025_00258_62,SUNGLASS,RAYAN,62.0,C5R1-2(1 PCS DAMAGE C5R4-1),3.0,,9890.0,,9890.0,
RB3025_003_58,SUNGLASS,6890.0,58.0,C5R1-1,1.0,,6890.0,,6890.0,
RB3025_00332_58,SUNGLASS,RAYBAN,58.0,C5R1-2,2.0,,8890.0,,8890.0,
RB3025_00332_62,SUNGLASS,RAYBAN,62.0,NA,0.0,,8890/9490,,8890/9490,
RB3025_0033E_58,SUNGLASS,RAYBAN,58.0,C5R1-6,6.0,,10690.0,,10690.0,
RB3025_0033F_58,SUNGLASS,RAYBAN,58.0,NA,0.0,,8890.0,,8890.0,FK RETURN PCS GLASS DAMAGED CRACK GLASS
RB3025_00358_58,SUNGLASS,RAYBAN,58.0,C5R2-1,1.0,,10490.0,,10490.0,
RB3025_00451_55,SUNGLASS,RAYBAN,55.0,C5R2-1,1.0,,9490/8890,,9490/8890,
RB3025_00451_58,SUNGLASS,RAYBAN,58.0,C5R2-3,3.0,,8490.0,,8490.0,
RB3025_00458_58,SUNGLASS,RAYBAN,58.0,C5R2-1,1.0,,9890.0,,9890.0,
RB3025_00458_62,SUNGLASS,RAYBAN,62.0,C5R2-1,1.0,,9890.0,,9890.0,
RB3025_00478_62,SUNGLASS,RAYBAN,62.0,"C5R2-1,T47S2-1",2.0,,13990.0,,13990.0,
RB3025_01451_58,SUNGLASS,RAYBAN,58.0,C5R2-1,1.0,,8490.0,,8490.0,
RB3025_09032_58,SUNGLASS,RAYBAN,58.0,T47S3-1,1.0,,6890.0,,6890.0,
RB3025_1674K_55,SUNGLASS,RAYBAN,55.0,C5R2-1,1.0,,9490.0,,9490.0,
RB3025_181_58,SUNGLASS,RAYBAN,58.0,NA,0.0,,7690/8890,,7690/8890,
RB3025_9001A5_58,SUNGLASS,RAYBAN,58.0,NA,0.0,,8890.0,,8890.0,
RB3025_9002A6_55,SUNGLASS,RAYBAN,55.0,C5R2-1,1.0,,11390.0,,11390.0,
RB3025_W3275_55,SUNGLASS,RAYBAN,55.0,NA,0.0,,6990/9490,,6990/9490,
RB3025_W3277_58,SUNGLASS,RAYBAN,58.0,C5R2-1,1.0,,9090.0,,9090.0,
RB3025JM_169_55,SUNGLASS,RAYBAN,55.0,C5R1-1,1.0,,8490.0,,8490.0,
RB3342_006_60,SUNGLASS,RAYBAN,60.0,C5R2-1,1.0,,7090.0,,7090.0,
RB3411_004_60,SUNGLASS,RAYBAN,60.0,C5R2-1,1.0,,6190.0,,6190.0,
RB3432_004_59,SUNGLASS,RAYBAN,59.0,C5R2-1,1.0,,5690.0,,5690.0,SCRATCH
RB3447_001_50,SUNGLASS,RAYBAN,50.0,C5R2-1,1.0,,11190.0,,11190.0,
RB3530_0029A_58,SUNGLASS,RAYBAN,58.0,C5R3-1,1.0,,13390.0,,13390.0,
RB3530_00488_58,SUNGLASS,RAYBAN,58.0,C5R3-1,1.0,,10790.0,,10790.0,
RB3530_0048G_58,SUNGLASS,RAYBAN,58.0,C5R3-1,1.0,,11890.0,,11890.0,
RB3538_1872Y_53,SUNGLASS,RAYBAN,53.0,C5R3-1,1.0,,13290.0,,13290.0,
RB3538_18813_53,SUNGLASS,RAYBAN,53.0,C5R3-2,2.0,,12490.0,,12490.0,
RB3539_1928G_54,SUNGLASS,RAYBAN,54.0,C5R3-1,1.0,,8290.0,,8290.0,
RB3558_004B8_58,SUNGLASS,RAYBAN,58.0,C5R3-1,1.0,,8790.0,,8790.0,MRP LEVEL MISSING
RB3561_001_57,SUNGLASS,RAYBAN,57.0,C5R3-2,2.0,,12490.0,,12490.0,
RB3561_9001A5_57,SUNGLASS,RAYBAN,57.0,NA,0.0,,9490.0,,9490.0,
RB4147_60132_60,SUNGLASS,RAYBAN,60.0,C5R3-2,2.0,,7790/8890,,7790/8890,
RB4147_60158_60,SUNGLASS,RAYBAN,60.0,C5R3-1,1.0,,12590.0,,12590.0,
RB4147_609585_60,SUNGLASS,RAYBAN,60.0,C5R3-1,1.0,,11690.0,,11690.0,
RB4202_60714V_55,SUNGLASS,RAYBAN,55.0,C5R3-1,1.0,,8290.0,,8290.0,
RB4216_601S71_56,SUNGLASS,RAYBAN,56.0,T47S1-1,1.0,,6990.0,,6990.0,RETURN
RB4252_71013_51,SUNGLASS,RAYBAN,51.0,C5R3-2,2.0,,6590.0,,6590.0,
RB4273_6019A_52,SUNGLASS,RAYBAN,52.0,C5R3-1,1.0,,9690.0,,9690.0,
RB4274_6018G_53,SUNGLASS,RAYBAN,53.0,NA,0.0,,6490.0,,6490.0,
RB4264_601SA1_58,SUNGLASS,RAYBAN,58.0,C5R3-1,1.0,,11090.0,,11090.0,
RB4346_62507Q_51,SUNGLASS,RAYBAN,51.0,C5R3-1,1.0,,9290.0,,9290.0,
RB7060_6019A_54,SUNGLASS,RAYBAN,54.0,C5R3-2,2.0,,5790.0,,5790.0,
RB8041_001_58,SUNGLASS,RAYBAN,58.0,C5R3-1,1.0,,9490.0,,9490.0,
RJ9054S_186/87_51,SUNGLASS,RAYBAN,51.0,T47S2-1,1.0,,2390.0,,2390.0,
RJ9506S_22011_50,SUNGLASS,RAYBAN,50.0,C5R3-2,2.0,,2990.0,,2990.0,scratch
RX2547_2000_53,ROUND FULL SHEET FRAME,RAYBAN,53.0,T73S1-1,1.0,,7390.0,,7390.0,
RX3578V_2904_50,FRAME,RAYBAN,50.0,DS1-2,2.0,,7890.0,,7890.0,
RX3582V_2500_51,ROUND FRAME,RAYBAN,51.0,DS1-1,1.0,,7390.0,,7390.0,
RX3610V_2500_58,ROUND FRAME,RAYBAN,58.0,NA,0.0,,6390.0,,6390.0,
RX3947V_2500_51,ROUND FRAME,RAYBAN,51.0,NA,0.0,,7390.0,,7390.0,
RX3947V_2501_48,ROUND SUPRA METAL FRAME,RAYBAN,48.0,DS1-1,1.0,,7390.0,,7390.0,
RX5312_2477_52,RECTANGLE FULL SHEET FRAME,RAYBAN,52.0,NA,0.0,,5090.0,,5090.0,
RX5312_5537_52,RECTANGLE FULL SHEET FRAME,RAYBAN,52.0,T46S3-1,1.0,,4990.0,,4990.0,
RX5337_5528_54,RECTANGLE FULL SHEET FRAME,RAYBAN,54.0,DS1-1,1.0,,5290.0,,5290.0,
RX5337_2012_54,RECTANGLE FULL SHEET FRAME,RAYBAN,54.0,NA,0.0,,5090.0,,5090.0,
RX6049_2500_52,AVIATOR FULL FRAME,RAYBAN,52.0,DS1-1,1.0,,4490.0,,4490.0,MRP LEVEL MISSING
RX6049_2502_55,AVIATOR FULL FRAME,RAYBAN,55.0,NA,0.0,,3390.0,,3390.0,
RX6241E_2501_52,RECTANGLE SUPRA METAL FRAME,RAYBAN,52.0,T46S1-1,1.0,,5990.0,,5990.0,
RX6266_2501_51,RIMLESS FRAME,RAYBAN,51.0,DS1-1,1.0,,3990.0,,3990.0,
RX6266_2502_53,RIMLESS FRAME,RAYBAN,53.0,NA,0.0,,3990.0,,3990.0,RETURN
RX6295_2806_49,RECTANGLE FULL METAL FRAME,RAYBAN,49.0,T46S2-1,1.0,,10490.0,,10490.0,
RX6303_2501_53,FRAME,RAYBAN,53.0,T46S1-1,1.0,,3990.0,,3990.0,
RX6305_2503_54,FRAME,RAYBAN,54.0,NA,0.0,,4790/5090,,4790/5090,
RX6322_2503_53,FRAME,RAYBAN,53.0,DS1-2,2.0,,4790/5090,,4790/5090,
RX6325_2730_53,RECTANGLE FULL METAL FRAME,RAYBAN,53.0,NA,0.0,,4290.0,,4290.0,bill
RX6336_2857_51,RECTANGLE FULL METAL FRAME,RAYBAN,51.0,C5R4-1(DAMAGE),1.0,,5490.0,,5490.0,
RX6337_2857_51,RECTANGLE FULL METAL FRAME(DAMAGE),RAYBAN,51.0,C5R4-1,1.0,,5490.0,,5490.0,
RX6367_2502_51,RECTANGLE SUPRA METAL FRAME,RAYBAN,51.0,T46S2-1,1.0,,5290.0,,5290.0,
RX6384_2502_54,RECATNGLE SUPRA METAL FRAME,RAYBAN,54.0,NA,0.0,,4990.0,,4990.0,MRP OR SKU LEVEL MISSING
RX6384_2509_52,FRAME,RAYBAN,52.0,DS1-1,1.0,,4990.0,,4990.0,RETURN
RX6385_2509_53,RIMLESS FRAME,RAYBAN,53.0,T46S1-1,1.0,,4990.0,,4990.0,
RX6386_2500_51,RECTANGLE FULL METAL FRAME,RAYBAN,51.0,NA,0.0,,7790.0,,7790.0,
RX6390_2928_51,RIMLESS FRAME,RAYBAN,51.0,T46S1-1,1.0,,4790.0,,4790.0,
RX6424_2502_53,RECTANGLE FULL METAL FRAME,RAYBAN,53.0,T46S2-1,1.0,,4790.0,,4790.0,
RX6489_2500_58,AVIATOR FULL FRAME,RAYBAN,58.0,NA,0.0,,7390.0,,7390.0,
RX6489_2501_58,AVIATOR FULL FRAME,RAYBAN,58.0,T46S2-1,1.0,,7390.0,,7390.0,
RX7014_2000_54,RECTANGLE SUPRA SHEET FRAME,RAYBAN,54.0,DS1-1,1.0,,6290.0,,6290.0,MRP ISSUE
RX7017_5200_54,FRAME,RAYBAN,54.0,DS1-1,1.0,,7890.0,,7890.0,
RX7027_5419_54,RECTANGLE FULL SHEET FRAME,RAYBAN,54.0,na,0.0,,4790.0,,4790.0,
RX7033_5624_52,FRAME,RAYBAN,52.0,T46S3-1,1.0,,4790.0,,4790.0,RETURN
RX7056_2000_53,RECTANGLE FULL SHEET FRAME,RAYBAN,53.0,NA,0.0,,6790.0,,6790.0,
RX7090_5622_52,CATEYE FULL SHEET FRAME,RAYBAN,52.0,T73S1-1,1.0,,4790.0,,4790.0,
RX7097_2000_49,ROUND FULL METAL FRAME,RAYBAN,49.0,DS1-1,1.0,,7890.0,,7890.0,
RX7127_2475_53,FRAME,RAYBAN,53.0,T46S3-1,1.0,,4290/4690,,4290/4690,RETURN
RX7128_2475_53,RECTANGLE FULL SHEET FRAME,RAYBAN,53.0,T46S3-1,1.0,,4590.0,,4590.0,
REl18517_NSZ_M,SUNGLASS,REEBOK,M,T44S3-1,1.0,,4999.0,,4999.0,AVIATOR
SC1863_C1_52,SUNGLASS,SCOTT,52.0,D12-1,1.0,,1800.0,,1800.0,
SC1885_C3_59,SUNGLASS,SCOTT,59.0,"C1R1B1-2,D12-1",3.0,,1800.0,,1800.0,
SC2843_C1_61,SUNGLASS,SCOTT,61.0,"D12-1,C1R1B1-1",2.0,,1800.0,,1800.0,
SC2844_C2_60,SUNGLASS,SCOTT,60.0,D12-1,1.0,,1800.0,,1800.0,
SC4614_C4_51,RECATNGLE SUPRA METAL FRAME,SCOTT,51.0,"C1R1B1-2,T79S1-1",3.0,,1800.0,,1800.0,
SC4616_C3_51,RECATNGLE SUPRA METAL FRAME,SCOTT,51.0,"C1R1B1-3,T79S1-1",4.0,,1800.0,,1800.0,
SC4632_C2_49,RECATNGLE SUPRA METAL FRAME,SCOTT,49.0,T79S1-1,1.0,,1800.0,,1800.0,
SC4715_C2_52,RECTANGLE FULL SHEET FRAME,SCOTT,52.0,T32S3-1,1.0,,1800.0,,1800.0,
SC4750_C1_52,RECATNGLE SUPRA METAL FRAME,SCOTT,52.0,D11-1,1.0,,1800.0,,1800.0,
SC748_C589_51,RECTANGLE FULL SHEET FRAME,SCOTT,51.0,T32S3-1,1.0,,1800.0,,1800.0,
ST10109_C4_54,RECTANGLE FULL SHEET FRAME,STERLING,54.0,T78S3-1,1.0,,3000.0,,3000.0,
ST10111_C1_49,ROUND FULL METAL FRAME,STERLING,49.0,T33S3-1,1.0,,2775.0,,2775.0,
ST10111_C9_49,ROUND FULL METAL FRAME,STERLING,49.0,T78S3-1,1.0,,2775.0,,2775.0,
ST10107_C5_52,RECTANGLE FULL SHEET FRAME,STERLING,52.0,T78S3-1,1.0,,3000.0,,3000.0,
ST10121_C3_52,RECTANGLE FULL METAL FRAME,STERLING,52.0,T78S3-1,1.0,,2925.0,,2925.0,
ST55093_C4_52,RECTANGLE SUPRA METAL FRAME,STERLING,52.0,D11-1,1.0,,2675.0,,2675.0,
SE1142_C2_54,,SEQUINZE,54.0,D11-1,1.0,,1560.0,,1560.0,
SE1157_C1_52,,SEQUINZE,52.0,T78S2-1,1.0,,1560.0,,1560.0,
SE1167_C9_52,,SEQUINZE,52.0,T78S2-1,1.0,,1560.0,,1560.0,
SE1170_C1_53,,SEQUINZE,53.0,NA,0.0,,1560.0,,1560.0,
SE1184_C5_55,RECATNGLE SUPRA METAL FRAME,SEQUINZE,55.0,CT4-1,1.0,,1560.0,,1560.0,
SE1237_C4_52,,SEQUINZE,52.0,T78S2-1,1.0,,1560.0,,1560.0,
SE1276_C4_52,,SEQUINZE,52.0,T78S2-1,1.0,,1560.0,,1560.0,
SE1512_C1_53,,SEQUINZE,53.0,T78S1-1,1.0,,1560.0,,1560.0,
SE1262_C3_48,ROUND FULL METAL FRAME,SEQUINZE,48.0,D11-1,1.0,,1560.0,,1560.0,
IS6140_C06_52,SUNGLASS,SEQUINZE,52.0,T78S1-1,1.0,,1560.0,,1560.0,
TF276_74Z_59,SUNGLASS,TOM FORD,59.0,T43S2-1,1.0,,24500.0,,24500.0,
TF318_01B_62,SUNGLASS,TOM FORD,62.0,T43S2-1,1.0,,24500.0,,24500.0,GLASS DAMAGED RETURN PCS FROM INDRESH TO PHOTOGRAPHY
TF376_90B_58,SUNGLASS,TOM FORD,58.0,T43S3-1,1.0,,24500.0,,24500.0,
TH2512_C1_53,,TOMMY HILFIGER,53.0,T51S1-1,1.0,,8625.0,,8625.0,
TH2512_C3_53,SUNGLASS,TOMMY HILFIGER,53.0,"T38S3-1,C1R2-1",2.0,,8625.0,,8625.0,
TH2514_C1_53,SUNGLASS,TOMMY HILFIGER,53.0,"T38S2-1,C1R2-1",2.0,,8970.0,,8970.0,
TH2514_C2_53,SUNGLASS,TOMMY HILFIGER,53.0,"T38S2-1,C1R2-1",2.0,,,,,
TH2515_C3_50,SUNGLASS,TOMMY HILFIGER,50.0,"T38S1-1,C1R2-3",4.0,,,,,
TH2527_C1_62,,TOMMY HILFIGER,62.0,D3-1,1.0,,7880.0,,7880.0,
TH2527_C3_62,SUNGLASS,TOMMY HILFIGER,62.0,T50S2-1,1.0,,7880.0,,7880.0,
TH2529_C1_49,SUNGLASS,TOMMY HILFIGER,49.0,T80S2-1,1.0,,8900.0,,8900.0,
TH2529_C2_49,SUNGLASS,TOMMY HILFIGER,49.0,T80S2-1,1.0,,8900.0,,8900.0,
TH2529_C3_49,SUNGLASS,TOMMY HILFIGER,49.0,"T51S2-1,S3-1",2.0,,8900.0,,8900.0,
TH2529_C4_49,SUNGLASS,TOMMY HILFIGER,49.0,T51S3-1,1.0,,8900.0,,8900.0,
TH2530_C1_51,SUNGLASS,TOMMY HILFIGER,51.0,T38S1-1,1.0,,,,,
TH2530_C2_51,SUNGLASS,TOMMY HILFIGER,51.0,"C1R2-2,T80S2-1",3.0,,,,,
TH2530_C4_51,SUNGLASS,TOMMY HILFIGER,51.0,D3-1,1.0,,8190.0,,8190.0,
TH2536_C2_55,SUNGLASS,TOMMY HILFIGER,55.0,"T38S3-1,C1R2-1",2.0,,,,,
TH2536_C3_55,SUNGLASS,TOMMY HILFIGER,55.0,"T38S3-1,C1R2-1",2.0,,,,,
TH2537_C2_55,SUNGLASS,TOMMY HILFIGER,55.0,T80S1-1,1.0,,7590.0,,7590.0,
TH2543_C3_59,SUNGLASS,TOMMY HILFIGER,59.0,T50S1-1,1.0,,,,,
TH2543_C4_59,SUNGLASS,TOMMY HILFIGER,59.0,D3-1,1.0,,7900.0,,7900.0,
TH2544_C3_60,SUNGLASS,TOMMY HILFIGER,60.0,T50S1-1,1.0,,,,,
TH2544_C4_60,SUNGLASS,TOMMY HILFIGER,60.0,T40S3-1,1.0,,,,,
TH3166_C2_47,FRAME,TOMMY HILFIGER,47.0,T33S2-1,1.0,,,,,
TH3166_C3_47,FRAME,TOMMY HILFIGER,47.0,T33S2-1,1.0,,,,,
TH5690_C1_52,FRAME,TOMMY HILFIGER,52.0,T33S2-1,1.0,,,,,
TH5734_C1_52,FRAME,TOMMY HILFIGER,52.0,T33S3-1,1.0,,,,,
TH5734_C2_52,FRAME,TOMMY HILFIGER,52.0,T33S1-1,1.0,,6610.0,,6610.0,
TH5734_C3_52,FRAME,TOMMY HILFIGER,52.0,T33S3-1,1.0,,,,,
TH5734_C4_52,FRAME,TOMMY HILFIGER,52.0,T33S1-1,1.0,,6610.0,,6610.0,
TH6000_C2_52,FRAME,TOMMY HILFIGER,52.0,T33S2-1,1.0,,,,,
TH6113_C3_51,FRAME,TOMMY HILFIGER,51.0,T33S3-1,1.0,,,,,
TH6213_C3_54,FRAME,TOMMY HILFIGER,54.0,T73S2-1,1.0,,5400.0,,5400.0,
TH7848_C3_57,SUNGLASS,TOMMY HILFIGER,57.0,D3-1,1.0,,,,,
TH7862_C2_55,SUNGLASS,TOMMY HILFIGER,55.0,T50S2-1,1.0,,,,,
TH7869_C2_60,SUNGLASS,TOMMY HILFIGER,60.0,D2-1,1.0,,7650.0,,7650.0,SCRATCH
TH7881_C3_59,SUNGLASS,TOMMY HILFIGER,59.0,T38S1-1,1.0,,7590.0,,7590.0,
TH7898_C1_55,SUNGLASS,TOMMY HILFIGER,55.0,C1R2-1,1.0,,,,,
TH7898_C2_55,SUNGLASS,TOMMY HILFIGER,55.0,T40S1-1,1.0,,,,,
TH7898_C8_55,SUNGLASS,TOMMY HILFIGER,55.0,T40S1-1,1.0,,,,,
TH7910_C5_55,SUNGLASS,TOMMY HILFIGER,55.0,T50S2-1,1.0,,,,,
TH7912_C1_60,SUNGLASS,TOMMY HILFIGER,60.0,T50S3-1,1.0,,,,,
TH7914_C4_48,,TOMMY HILFIGER,48.0,T51S1-1,1.0,,,,,
TH7920_C2_56,SUNGLASS,TOMMY HILFIGER,56.0,T38S2-1,1.0,,,,,
TH7921_C3_55,SUNGLASS,TOMMY HILFIGER,55.0,"C1R2-1,T51S2-1",2.0,,6250.0,,6250.0,
TH7920_C1_56,SUNGLASS,TOMMY HILFIGER,56.0,T80S1-1,1.0,,,,,
TH7975_C3_50,SUNGLASS,TOMMY HILFIGER,50.0,T51S3-1,1.0,,,,,
TH7976_C1_52,SUNGLASS,TOMMY HILFIGER,52.0,T50S3-1,1.0,,,,,
TH7977_C1_56,SUNGLASS,TOMMY HILFIGER,56.0,T80S1-1,1.0,,,,,
TH7981_C1_58,SUNGLASS,TOMMY HILFIGER,58.0,T80S3-1,1.0,,6900.0,,6900.0,
TH7981_C3_58,SUNGLASS,TOMMY HILFIGER,58.0,T80S3-1,1.0,,6900.0,,6900.0,
TH7981_C4_58,SUNGLASS,TOMMY HILFIGER,58.0,T51S2-1,1.0,,,,,
TH9000_C3_49,SUNGLASS,TOMMY HILFIGER,49.0,T51S2-1,1.0,,11000.0,,11000.0,
TH9000_C4_49,SUNGLASS,TOMMY HILFIGER,49.0,T38S1-1,1.0,,,,,
TH9009_C5_54,SUNGLASS,TOMMY HILFIGER,54.0,T50S3-1,1.0,,,,,
TH826P_C3_52,SUNGLASS,TOMMY HILFIGER,52.0,T50S2-1,1.0,,,,,
TH843_C3_52,,TOMMY HILFIGER,52.0,T51S3-1,1.0,,,,,
TH844_C1S_53,SUNGLASS,TOMMY HILFIGER,53.0,"D3-1,C1R2-1",2.0,,,,,
TH844_C2S_53,SUNGLASS,TOMMY HILFIGER,53.0,"T38S3-1,C1R2-1",2.0,,,,,
TH846_C2S_58,SUNGLASS,TOMMY HILFIGER,58.0,T50S1-1,1.0,,5490.0,,5490.0,
TH846_C8_58,SUNGLASS,TOMMY HILFIGER,58.0,T50S1-1,1.0,,,,,
TH9018_C3_50,SUNGLASS,TOMMY HILFIGER,50.0,T51S1-1,1.0,,11000.0,,11000.0,
TH9018_C4_50,SUNGLASS,TOMMY HILFIGER,50.0,T51S1-1,1.0,,,,,
TH9711_C2_53,SUNGLASS,TOMMY HILFIGER,53.0,T50S3-1,1.0,,,,,
TI_G170PYFL9B-60,SUNGLASS,TITAN EYE+,,T82S1-1,1.0,,3295.0,,3295.0,
VE1210BM_1002_52,FRAME,VERSACE,52.0,NA,0.0,,11500.0,,11500.0,FULL METAL
VE3215_617_52,FRAME,VERSACE,52.0,T73S3-1,1.0,,,,,
VE3253_GB1_53,FRAME,VERSACE,53.0,T73S3-1,1.0,,,,,
VE4321_518213_58,SUNGLASS,VERSACE,58.0,T38S2-1,1.0,,13500.0,,13500.0,
VISION SPRING yellow,FRAME,VISION SPRING,,C8R1-27,27.0,,200.0,,200.0,
VO2660_W65613_58,SUNGLASS,VOGUE,58.0,D8-1,1.0,,,,,
VO2695S_234611_59,SUNGLASS,VOGUE,59.0,DS2-1,1.0,, ,, ,
VO2714_2406_54,FRAME,VOGUE,54.0,C3R2-1,1.0,,4590.0,,4590.0,
VO2714_2406_52,FRAME,VOGUE,52.0,T34S1-1,1.0,,4590.0,,4590.0,
VO2817S_20308F_53,FRAME,VOGUE,53.0,T54S1-1,1.0,,3990.0,,3990.0,
VO2829SM_W4411_58,SUNGLASS,VOGUE,58.0,DS2-1,1.0,,5990.0,,5990.0,
VO2763_2279_53,FRAME,VOGUE,53.0,T73S3-1,1.0,,4590.0,,4590.0,
VO2767_1947_50,FRAME,VOGUE,50.0,T71S1-1,1.0,,3990.0,,3990.0,
VO2787_2306_51,FRAME,VOGUE,,T73S1-1,1.0,,,,,
VO2787_2406_51,FRAME,VOGUE,51.0,C3R2-1,1.0,,4590.0,,4590.0,
VO2787_2406_53,FRAME,VOGUE,53.0,C3R2-1,1.0,,4590.0,,4590.0,
VO2819S_W4411_58,SUNGLASS,VOGUE,58.0,BOX(ALMIRA),1.0,,,,,SCRATCH
VO2843S_227811_56,SUNGLASS,VOGUE,56.0,DS2-1,1.0,,4590.0,,4590.0,
VO2864_2183_52,FRAME,VOGUE,52.0,T34S2-1,1.0,,4990.0,,4990.0,
VO2866_W44_55,,VOGUE,55.0,C3R2-1,1.0,,4590.0,,4590.0,
VO2866_W44_53,FRAME,VOGUE,53.0,T34S3-1,1.0,,4590.0,,4590.0,
VO2870S_235811_52,SUNGLASS,VOGUE,52.0,T52S2-1,1.0,,4290.0,,4290.0,
VO2886_W44_53,FRAME,VOGUE,53.0,C3R2-2,2.0,,4990.0,,4990.0,
VO2894SB_191613_56,SUNGLASS,VOGUE,56.0,"C3R4-2,T54S1-1",3.0,,6690.0,,6690.0,
VO2896_W4411_54,SUNGLASS,VOGUE,54.0,C3R4-2,2.0,,4990.0,,4990.0,
VO2896S_W65613_54,SUNGLASS,VOGUE,54.0,C3R4-1,1.0,,4990.0,,4990.0,
VO2899_W44_51,FRAME,VOGUE,51.0,"C3R2-2,T71S1-1",3.0,,3790.0,,3790.0,
VO2908_W44_53,FRAME,VOGUE,53.0,C3R2-1,1.0,,4990.0,,4990.0,
VO2906_W44_52,FRAME,VOGUE,52.0,"T34S2-1,C3R2-5",6.0,,3790.0,,3790.0,
VO2906_2249_52,FRAME,VOGUE,52.0,"C3R2-3,D11-1,T73S2-1",4.0,,3790.0,,3790.0,DAMAGE-1PCS
VO2915S_W4411_53,SUNGLASS,VOGUE,53.0,C3R4-2,2.0,,4290.0,,4290.0,
VO2915S_226214_53,SUNGLASS,VOGUE,53.0,DS2-1,1.0,,4290.0,,4290.0,
VO2915S_22618H_53,SUNGLASS,VOGUE,53.0,C3R4-2,2.0,,4290.0,,4290.0,
VO2916_W4411_58,,VOGUE,58.0,C3R4-1,1.0,,4990.0,,4990.0,
VO2924BI_2065_51,FRAME,VOGUE,51.0,T34S3-1,1.0,,3590.0,,3590.0,
VO2925B_W44_51,FRAME,VOGUE,51.0,C3R2-2,2.0,,3390.0,,3390.0,
VO2925B_W44_53,FRAME,VOGUE,53.0,C3R2-4,4.0,,3390.0,,3390.0,
VO2925B_2048_53,FRAME,VOGUE,53.0,C3R2-1,1.0,,3490.0,,3490.0,
VO2925BI_2362_51,FRAME,VOGUE,51.0,"C3R2-1,D11-1",2.0,,3390.0,,3390.0,
VO2936_2287_54,FRAME,VOGUE,54.0,T34S3-1,1.0,,4990.0,,4990.0,
VO2937_W44_51,FRAME,VOGUE,51.0,C3R2-1,1.0,,4990.0,,4990.0,
VO2940S_W4471_58,SUNGLASS,VOGUE,58.0,C3R4-3,3.0,,4790.0,,4790.0,
VO2940S_23828F_58,SUNGLASS,VOGUE,58.0,DS2-1,1.0,,4790.0,,4790.0,
VO2940S_229648_58,SUNGLASS,VOGUE,58.0,C3R4-1,1.0,,5290.0,,5290.0,
VO2941S_227913_56,SUNGLASS,VOGUE,56.0,T54S3-1,1.0,,4990.0,,4990.0,
VO2942SB_201148_55,SUNGLASS,VOGUE,55.0,C3R4-1,1.0,,7990.0,,7990.0,
VO2943SB_201148_55,SUNGLASS,VOGUE,55.0,"C3R4-1,DS2-1",2.0,,4990.0,,4990.0,
VO2943SB_W4411_55,SUNGLASS,VOGUE,55.0,C3R4-1,1.0,,6690.0,,6690.0,
VO2950_2048_51,FRAME,VOGUE,51.0,C3R2-1,1.0,,3790.0,,3790.0,
VO2950_2048_53,FRAME,VOGUE,53.0,C3R2-1,1.0,,3490.0,,3490.0,
VO2959S_230213_54,FRAME,VOGUE,54.0,"C3R4-1,T54S3-1",2.0,,4290.0,,4290.0,
VO2961_W827_53,FRAME,VOGUE,53.0,D11-1,1.0,,4990.0,,4990.0,
VO2968_2326_52,FRAME,VOGUE,52.0,T34S1-1,1.0,,4990.0,,4990.0,
VO2993S_W4411_57,SUNGLASS,VOGUE,57.0,C3R4-4,5.0,,5490.0,,5490.0,
VO2993S_W65613_57,SUNGLASS,VOGUE,57.0,C3R4-3,3.0,,5490.0,,5490.0,
VO2998_2386_54,CATEYE FULL SHEET FRAME,VOGUE,54.0,NA,0.0,,5490.0,,5490.0,
VO3768_352_50,FRAME,VOGUE,50.0,T36S2-1,1.0,,3490.0,,3490.0,
VO3838_352S_53,FRAME,VOGUE,53.0,"C3R1-2,T72S1-1",3.0,,3290.0,,3290.0,
VO3843I_756_50,FRAME,VOGUE,50.0,"C3R1-4,T72S1-1",5.0,,3290.0,,3290.0,
VO3843_813_50,FRAME,VOGUE,50.0,"C3R1-3,T72S3-1",4.0,,3090.0,,3090.0,
VO3931I_352_53,FRAME,VOGUE,53.0,C3R1-1,1.0,,3390.0,,3390.0,
VO3947_352_52,FRAME,VOGUE,52.0,NA,0.0,,4290.0,,4290.0,
VO3955B_280_51,FRAME,VOGUE,51.0,"C3R1-1,T36S3-1",2.0,,3390.0,,3390.0,
VO3955B_352_51,FRAME,VOGUE,51.0,"C3R1-10,T36S3-1",11.0,,3290.0,,3290.0,
VO3969_934_50,FRAME,VOGUE,50.0,T72S1-1,1.0,,3390.0,,3390.0,
VO3969_352_50,FRAME,VOGUE,50.0,C3R1-1,1.0,,3390.0,,3390.0,
VO3980_323S_52,FRAME,VOGUE,52.0,T72S2-1,1.0,,3790.0,,3790.0,
VO3980_352S_52,FRAME,VOGUE,52.0,"C3R1-1,T72S3-1",2.0,,3790.0,,3790.0,
VO3981_352_52,FRAME,VOGUE,52.0,C3R1-1,1.0,,4590.0,,4590.0,
VO3981_352_54,CATEYE SUPRA METAL FRAME,VOGUE,54.0,C3R1-1,1.0,,4590.0,,4590.0,
VO3981_548_52,FRAME,VOGUE,52.0,T72S2-1,1.0,,4590.0,,4590.0,
VO3981_979S_52,RECTANGLE SUPRA METAL FRAME,VOGUE,52.0,T72S2-1,1.0,,4590.0,,4590.0,
VO3982SB_84813_58,SUNGLASS,VOGUE,58.0,C4R1-1,1.0,,5990.0,,5990.0,
VO3983S_548S13_58,SUNGLASS,VOGUE,58.0,T53S1-1,1.0,,5490.0,,5490.0,
VO3983S_964S11_58,SUNGLASS,VOGUE,58.0,C3R4-1,1.0,,5490.0,,5490.0,
VO3983S_965S8H_58,SUNGLASS,VOGUE,58.0,DS2-1,1.0,,5490.0,,5490.0,
VO3992_352_53,FRAME,VOGUE,53.0,T72S3-1,1.0,,3490.0,,3490.0,
VO3997S_848T5_58,SUNGLASS,VOGUE,58.0,DS2-1,1.0,,,,,
VO3997S_93413_58,SUNGLASS,VOGUE,58.0,T53S1-1,1.0,,4790.0,,4790.0,
VO3997S_32348_58,SUNGLASS,VOGUE,58.0,T53S2-1,1.0,,5090.0,,5090.0,
VO4002S_99511_55,SUNGLASS,VOGUE,55.0,DS2-1,1.0,,4790.0,,4790.0,
VO4013_352_51,FRAME,VOGUE,51.0,D11-1,1.0,,5290.0,,5290.0,
VO4015B_352_53,FRAME,VOGUE,53.0,D11-1,1.0,,5590.0,,5590.0,
VO4016B_848_51,FRAME,VOGUE,51.0,"C3R1-2,D11-1",3.0,,3890.0,,3890.0,
VO4016B_848_53,FRAME,VOGUE,53.0,C3R1-5,5.0,,3890.0,,3890.0,
VO4024_5025_50,FRAME,VOGUE,50.0,T70S3-1,1.0,,4990.0,,4990.0,
VO4037_280_52,FRAME,VOGUE,52.0,C3R1-1,1.0,,3790.0,,3790.0,
VO4037_352_52,FRAME,VOGUE,52.0,"C3R1-1,T72S2-1",2.0,,3790.0,,3790.0,
VO4038_352_54,FRAME,VOGUE,54.0,"C3R1-1,T36S3-1",2.0,,3790.0,,3790.0,
VO4038_548_54,FRAME,VOGUE,54.0,"C3R1-1,T72S1-1",2.0,,3790.0,,3790.0,
VO4038_5033_54,FRAME,VOGUE,54.0,"T36S2-1,C3R1-1",2.0,,3790.0,,3790.0,
VO4055SI_99613_57,SUNGLASS,VOGUE,57.0,T53S3-1,1.0,,4290.0,,4290.0,
VO4055SI_502214_57,SUNGLASS,VOGUE,57.0,DS2-1,1.0,,4290.0,,4290.0,
VO4083S_84811_55,SUNGLASS,VOGUE,55.0,T53S2-1,1.0,,7190.0,,7190.0,
VO4091BI_84873_56,SUNGLASS,VOGUE,56.0,T53S3-1,1.0,,4390.0,,4390.0,
VO4092B_507514_56,SUNGLASS,VOGUE,56.0,T53S2-1,1.0,,4390.0,,4390.0,
VO4097S_323H7_58,SUNGLASS,VOGUE,58.0,DS2-1,1.0,,5790.0,,5790.0,
VO4097S_28087_58,SUNGLASS,VOGUE,58.0, DS2-1,1.0,,6190.0,,6190.0,
VO4112S_84813_56,SUNGLASS,VOGUE,56.0,T53S3-1,1.0,,6690.0,,6690.0,
VO4112S_50757E_56,SUNGLASS,VOGUE,56.0,C3R4-1,1.0,,6690.0,,6690.0,
VO4119_5078_51,FRAME,VOGUE,51.0,T36S2-1,1.0,,5990.0,,5990.0,
VO4125_5115_53,FRAME,VOGUE,53.0,T70S2-1,1.0,,3890.0,,3890.0,
VO4125I_5116_51,ROUND FRAME,VOGUE,51.0,T70S3-1,1.0,,3890.0,,3890.0,
VO4125I_5116_53,FRAME,VOGUE,53.0,T36S3-1,1.0,,3890.0,,3890.0,
VO4138S_28069_56,SUNGLASS,VOGUE,56.0,T52S3-1,1.0,,7190.0,,7190.0,
VO4139SB_50758Z_54,SUNGLASS,VOGUE,54.0,NA,0.0,,7190.0,,7190.0,
VO4140_5078_53,FRAME,VOGUE,53.0,C3R4-1,1.0,,6890.0,,6890.0,
VO5002_W44_52,FRAME,VOGUE,52.0,C3R3-1,1.0,,6390.0,,6390.0,
VO5007B_W4411_58,SUNGLASS,VOGUE,58.0,C3R4-1,1.0,,,,,
VO5009BI_16478H_58,SUNGLASS,VOGUE,58.0,T54S2-1,1.0,,3990.0,,3990.0,
VO5010I_W44_51,FRAME,VOGUE,51.0,C3R3-2,2.0,,3890/3990,,3890/3990,
VO5010I_W44_53,FRAME,VOGUE,53.0,C3R3-2,2.0,,3990/3890,,3990/3890,
VO5010_W656_51,FRAME,VOGUE,51.0,T71S1-1,1.0,,4090.0,,4090.0,
VO5010_2395_51,FRAME,VOGUE,51.0,C3R3-1,1.0,,4090.0,,4090.0,
VO5030_W827_53,FRAME,VOGUE,53.0,C3R3-2,2.0,,4990.0,,4990.0,
VO5042_1647_53,FRAME,VOGUE,53.0,T71S2-1,1.0,,3590.0,,3590.0,
VO5061SB_W4487_53,SUNGLASS,VOGUE,53.0,C3R4-1,1.0,,5590.0,,5590.0,
VO5118SI_W4411_57,SUNGLASS,VOGUE,57.0,"C4R1-2,DS2-1",3.0,,3990.0,,3990.0,
VO5119S_W65613_56,SUNGLASS,VOGUE,56.0,"T53S1-1,C4R1-2",3.0,,4290.0,,4290.0,
VO5119S_W445A_56,SUNGLASS,VOGUE,56.0,NA,1.0,,4290.0,,4290.0,
VO5134S_25318H_55,SUNGLASS,VOGUE,55.0,C4R1-1,1.0,,5290.0,,5290.0,
VO5137S_W65613_55,SUNGLASS,VOGUE,55.0,C4R1-1,1.0,,5990.0,,5990.0,
VO5148B_2539_53,FRAME,VOGUE,53.0,D11-1,1.0,,3790.0,,3790.0,
VO5153_2593_51,FRAME,VOGUE,51.0,T71S3-1,1.0,,5690.0,,5690.0,
VO5164S_W4411_52,SUNGLASS,VOGUE,52.0,C4R1-1,1.0,,6190.0,,6190.0,
VO5166S_256613_51,SUNGLASS,VOGUE,51.0,T54S2-1,1.0,,5590.0,,5590.0,
VO5166_W6565R_51,SUNGLASS,VOGUE,51.0,C4R1-1,1.0,,5590.0,,5590.0,
VO5167S_2621_50,FRAME,VOGUE,50.0,C3R2-1,1.0,,5490.0,,5490.0,
VO5183S_W4411_58,SUNGLASS,VOGUE,58.0,C4R1-1,1.0,,4290.0,,4290.0,
VO5204_2477_52,FRAME,VOGUE,52.0,C3R2-2,2.0,,4090.0,,4090.0,
VO5205S_25547E_62,SUNGLASS,VOGUE,62.0,T54S3-1,1.0,,5590.0,,5590.0,
VO5211S_W4487_54,SUNGLASS,VOGUE,54.0,C4R1-2,2.0,,7190.0,,7190.0,
VO5211S_W4411_54,SUNGLASS,VOGUE,54.0,"C4R1-1,T54S1-1",2.0,,7190.0,,7190.0,
VO5212S_W65613_55,SUNGLASS,VOGUE,55.0,"C4R1-1,T53S1-1",2.0,,6190.0,,6190.0,
VO5215S_23860L_51,SUNGLASS,VOGUE,51.0,T54S2-1,1.0,,5090.0,,5090.0,
VO5216BI_W44_51,FRAME,VOGUE,51.0,C3R3-2,2.0,,4290.0,,4290.0,
VO5216BI_W656_51,SUNGLASS,VOGUE,51.0,"T36S2-1,T34S2-1",2.0,,4290.0,,4290.0,
VO5243SB_266920_53,SUNGLASS,VOGUE,53.0,T54S3-1,1.0,,6690.0,,6690.0,
VO5280SB_260569_57,SUNGLASS,VOGUE,57.0,C4R1-1,1.0,,7190.0,,7190.0,
VO5280SB_272276_57,SUNGLASS,VOGUE,57.0,T52S3-1,1.0,,7190.0,,7190.0,
VO5283S_260513_54,SUNGLASS,VOGUE,54.0,C4R1-1,1.0,,7190.0,,7190.0,
VO5283S_27248Z_54,SUNGLASS,VOGUE,54.0,T52S3-1,1.0,,7190.0,,7190.0,
VO5283S_27236V_54,SUNGLASS,VOGUE,54.0,D8-1,1.0,,7190.0,,7190.0,
VO5283_272573_54,SUNGLASS,VOGUE,54.0,T52S2-1,1.0,,7190.0,,7190.0,
VO5284S_27210K_32,SUNGLASS,VOGUE,32.0,C4R1-1,1.0,,7190.0,,7190.0,
VO5284S_27206V_32,SUNGLASS,VOGUE,32.0,T54S1-1,1.0,,7190.0,,7190.0,
VO5284S_W4487_32,SUNGLASS,VOGUE,32.0,C4R1-1,1.0,,5490.0,,5490.0,
VO5268I_W44_51,ROUND FRAME,VOGUE,51.0,"C3R3-2,T71S2-1",3.0,,3890.0,,3890.0,
VO5268I_W656_51,,VOGUE,51.0,"C3R3-3,T34S3-1",4.0,,3890.0,,3890.0,
VO5227I_W44_52,FRAME,VOGUE,52.0,C3R3-3,3.0,,3890.0,,3890.0,
VO5227I_W656_52,FRAME,VOGUE,52.0,C3R3-4,4.0,,3890.0,,3890.0,
VO5227I_2362_52,CATEYE FRAME,VOGUE,52.0,C3R3-1,1.0,,3890.0,,3890.0,
VO5242S_W4411_50,,VOGUE,50.0,NA,0.0,,5590.0,,5590.0,
VO5242S_W65613_50,SUNGLASS,VOGUE,50.0,NA,0.0,,5590.0,,5590.0,
VO5247I_2395_49,ROUND FULL SHEET FRAME,VOGUE,49.0,T71S3-1,1.0,,3890.0,,3890.0,
VO5247_W656_49,FRAME,VOGUE,49.0,T34S2-1,1.0,,3890.0,,3890.0,
VO5247I_W44_49,FRAME,VOGUE,49.0,"C3R2-2,T71S3-1",3.0,,3890.0,,3890.0,
VO5247I_1647_49,ROUND FULL SHEET FRAME,VOGUE,49.0,T71S3-1,1.0,,3890.0,,3890.0,
VO4104_2807A_57,SUNGLASS,VOGUE,57.0,T53S2-1,1.0,,6190.0,,6190.0,
VO4106_84813_55,SUNGLASS,VOGUE,55.0, DS2-1,1.0,,7190.0,,7190.0,
VO4125I_5078_51,FRAME,VOGUE,51.0,NA,0.0,,3890.0,,3890.0,
VO4125I_5078_53,CATEYE FULL METAL FRAME,VOGUE,53.0,NA,0.0,,3890.0,,3890.0,
VO4125I_352_51,CATEYE FULL METAL FRAME,VOGUE,51.0,D11-1,1.0,,3890.0,,3890.0,
VO4125_352_53,FRAME,VOGUE,53.0,T70S2-1,1.0,,3890.0,,3890.0,
VO4128_323_50,CATEYE FULL METAL FRAME,VOGUE,50.0,NA,0.0,,4990.0,,4990.0,
VO4128_323_52,CATEYE FULL METAL FRAME,VOGUE,52.0,NA,0.0,,4990.0,,4990.0,
VO4128_848_50,CATEYE FULL METAL FRAME,VOGUE,50.0,"C3R1-1,T70S1-1",2.0,,4990.0,,4990.0,Return
VO4128_848_52,FRAME,VOGUE,52.0,C3R1-1,1.0,,4990.0,,4990.0,
VO4128_5108_50,CATEYE FULL METAL FRAME,VOGUE,50.0,T70S2-1,1.0,,4990.0,,4990.0,
VO4128_5109_52,FRAME,VOGUE,52.0,C3R1-1,1.0,,4990.0,,4990.0,
VO4128_5109_50,FRAME,VOGUE,50.0,T70S1-1,1.0,,4990.0,,4990.0,
VO4128_5110_50,CATEYE FULL METAL FRAME,VOGUE,50.0,T70S3-1,1.0,,4990.0,,4990.0,
VO4128_5110_52,CATEYE FULL METAL FRAME,VOGUE,52.0,T70S1-1,1.0,,4990.0,,4990.0,
VO5204I_W44_52,RECTANGLE FULL SHEET FRAME,VOGUE,52.0,C3R3-1,1.0,,4090.0,,4090.0,
VO5271S_W4487_53,SUNGLASS,VOGUE,53.0,D8-1,1.0,,5090.0,,5090.0,
VO5271_272611_53,SUNGLASS,VOGUE,53.0,T54S2-1,1.0,,5090.0,,5090.0,
VO5272_2727_51,ROUND FULL SHEET FRAME,VOGUE,51.0,"C3R2-1,T34S1-1",2.0,,4990.0,,4990.0,
VO5272_2731_51,FRAME,VOGUE,51.0,C3R2-1,1.0,,4990.0,,4990.0,
VO5263BI_W656_52,CATEYE FRAME,VOGUE,52.0,"C3R3-2,T34S1-1",3.0,,3890.0,,3890.0,
VO5269S_W65613_56,SUNGLASS,VOGUE,56.0,C4R1-1,1.0,,4390.0,,4390.0,
VO5282SB_W4487_54,SUNGLASS,VOGUE,54.0,C4R1-1,1.0,,7190.0,,7190.0,
VO5282SB_260480_54,SUNGLASS,VOGUE,54.0,DS2-1,1.0,,7190.0,,7190.0,
VO5282SB_260569_54,SUNGLASS,VOGUE,54.0,C4R1-1,1.0,,7190.0,,7190.0,
VO5282SB_272276_54,SUNGLASS,VOGUE,54.0,T52S3-1,1.0,,7190.0,,7190.0,
WALNUT +,CATEYE FULL SHEET FRAME,WALNUT +,,T32S1-0,0.0,,2100.0,,2100.0,
WALNUT FAB,"CATEYE FULL SHEET FRAME, RECTANGLE, ROUND",WALNUT FAB,,T32S1-2,2.0,,2100.0,,2100.0,
WALNUT PRO,"AVIATOR, CATEYE, ROUND, RECTANGLE",WALNUT PRO,,"T32S3-1,CT5-1",2.0,,2100.0,,2100.0,
WALNUT PRO H,CATEYE FULL SHEET FRAME,WALNUT PRO H,,T32S2-2,2.0,,2100.0,,2100.0,
INB2610B_CAT3_S,SUNGLASS,INVU,S,T11S2-1,1.0,,3800.0,,3800.0,
INB2802A_CAT3_M,SUNGLASS,INVU,M,T11S1-1,1.0,,3125.0,,3125.0,
INB2940_CAT1_M,SUNGLASS,INVU,M,T11S3-1,1.0,,3125.0,,3125.0,
INB2946B_CAT3_M,SUNGLASS,INVU,M,T80S1-1,1.0,,,,,
INB1906A_Cat.3 S,SUNGLASS,INVU,,T11S1-1,1.0,,3445.0,,3445.0,
INB1907D_CAT3_M,SUNGLASS,INVU,M,T11S2-1,1.0,,,,,
INB1912D_Cat.2 S,SUNGLASS,INVU,,T11S2-1,1.0,,3445.0,,3445.0,
INB2901E_Cat.2S_68,SUNGLASS,INVU,68.0,T11S2-1,1.0,,3125.0,,3125.0,
INB1917B_CAT3_M,SUNGLASS,INVU,M,T11S1-1,1.0,,3445.0,,3445.0,
INB1915_CAT3_M,SUNGLASS,INVU,M,T11S1-1,1.0,,,,,
INB4004_COLB_49,ROUND FULL SHEET FRAME,INVU,49.0,T78S1-2,2.0,,2475.0,,2475.0,
INB4004_COLA_49,ROUND FULL SHEET FRAME,INVU,49.0,D11-1,1.0,,2475.0,,2475.0,
BILGISAY,RECTANGLE FULL SHEET FRAME,NON BRAND,,"L6D5S1-4,S2-2",6.0,,300.0,,300.0,SPECTACLE FRAME (CODE-CT)
TOMMY FASHION,"RECTANGLE, ROUND",NON BRAND,,"THD-1,L6D5S3-1",2.0,,850.0,,850.0,SPECTACLE FRAME CODE TXX-----1
CHOPARD,"ROUND, RECTANGLE, CATEYE",NON BRAND,,"L4D6S2-3,S3-4",7l,,800.0,,800.0,EXX
SUMMIT,RECTANGLE FULL SHEET FRAME,NON BRAND,,"L1D2S1-3,S2-1",4.0,,300.0,,300.0,SPECTACLE FRAME (CODE-SX)
MIKINITEEN,RECTANGLE FULL SHEET FRAMEAX,NON BRAND,,L5D1S3-2,2.0,,350.0,,350.0,SPECTACLE FRAME (CODE-EXX)
KOOLTI,RECTANGLE SUPRA METAL FRAME,NON BRAND,,NA,1.0,,300.0,,300.0,SPECTACLE FRAME (CODE-CT)
MAURIE JEAN ACETATE,"CATEYE, RECTANGLE",NON BRAND,,"L1D6S2-4,S3-4,L6D6S3-1",9.0,,1000.0,,1000.0,SPECTACLE FRAME CODE TXX
OBSERVER,RECTANGLE FULL SHEET FRAME,NON BRAND,,NA,0.0,,300.0,,300.0,SPECTACLE FRAME (CODE-EXX)
VERVE ACETATE SHEET,RECTANGLE FULL SHEET FRAMEEXX,NON BRAND,,L5D4S3-3,4.0,,600.0,,600.0,SPECTACLE FRAME CODE TXX
ULTRA LIGHT SHEET,RECTANGLE FULL SHEET FRAME,NON BRAND,,L5D6S2-1,1.0,,300.0,,300.0,SPECTACLE FRAME (CODE-EXX)
SOLANA FULL METAL,ROUND FULL MEATL FRAME,NON BRAND,,L4D4S1-3,3.0,,550.0,,550.0,SPECTACLE FRAMES(CODE-ETX)
CELLESTIS,RECTANGLE FULL SHEET FRAME,NON BRAND,,L6D5S2-3,3.0,,200.0,,200.0,SPECTACLE FRAME (CODE-CT)
CALEB,FRAMES,NON BRAND,,R-1,1.0,,500.0,,500.0,SPECTACLE FRAMES(CODE-ETX)
FFF SHEET,RECTANGLE FULL SHEET FRAME,NON BRAND,,L4D5S3-1,1.0,,450.0,,450.0,SPECTACLE FRAME (CODE-EXX)
FANCY LADIES,"CATEYE, ROUND FULL METAL FRAME",NON BRAND,,L2D2S3-1,1.0,,450.0,,450.0,AX
RAYBAN AVIATORS WITH BOX,FRAMES,NON BRAND,,"CT2-1,",1.0,,1000.0,,1000.0,SPECTACLE FRAMES(CODE-ETX)
RAYBAN FULL AVIATOR,FRAMES,NON BRAND,,CT2-1,1.0,,1000.0,,1000.0,EXX
RAYBAN FULL AVIATOR IST,,NON BRAND,,T37S1-1,4.0,,1000.0,,1000.0,EXX
GALEBO,RECTANGLE FULL SHEET FRAME,NON BRAND,,L5D6S2-1,1.0,,400.0,,400.0,SPECTACLE FRAME (CODE-EXX)
POLO FASHION TR,RECTANGLE FULL METAL FRAME,NON BRAND,,L3D5S1-4,4.0,,550.0,,550.0,SPECTACLE FRAMES(CODE-ETX)
GUYS,"ROUND, RECTANGLE, CATEYE",NON BRAND,,"L3D1S1-4,S2-3",7.0,,500.0,,500.0,SPECTACLE FRAMES(CODE-ETX)
MAGIC PLUS NV,FRAMES,NON BRAND,,"T3S1-4,S2-4",8.0,,200.0,,200.0,CT
MAGIC PLUS(BOTH),FRAME WITH SUNGLASS,NON BRAND,,NA,0.0,,450.0,,450.0,SPECTACLE FRAME (CODE-EXX)
CITYFLYER,"RECTANGLE ,BABY FULL SHEET FRAME",NON BRAND,,R-2,2.0,,350.0,,350.0,SPECTACLE FRAME CODE TX
LOUIS STYLE TR,RECTANGLE FULL SHEET FRAME,NON BRAND,,L5D1S3-1,1.0,,400.0,,400.0,SPECTACLE FRAME CODE TXX
Teenager,"RECTANGLE, CATEYE, ROUND, BABY FRAME",NON BRAND,,"C8R1-7,L6D2-15,R-1",23.0,,100.0,,100.0,SPECTACLE FRAME CODE-TX
Teenager Big,,NON BRAND,,NA,0.0,,300.0,,300.0,
X-ITE,RECTANGLE FULL SHEET FRAME,NON BRAND,,L5D6S3-3,3.0,,300.0,,300.0,SPECTACLE FRAME (CODE-CT)
SWISS,"RECTANGLE,ROUND",NON BRAND,,L6D5S1-4,4.0,,400.0,,400.0,SPECTACLE FRAMES(CODE-ETX)
SILHOUETTE SHEET,RECTANGLE FULL SHEET FRAME,NON BRAND,,L2D2S2-1,1.0,,500.0,,500.0,SPECTACLE FRAME CODE TXX
WONDER BABY,BABY FRAME,NON BRAND,,"CT13-2,C8R2-47",36.0,,250.0,,250.0,SPECTACLE FRAME (CODE-CT)
ARMSTRONG,FRAMES,NON BRAND,,L6D4S3-1,1.0,,100.0,,100.0,SPECTACLE FRAME (CODE-CT)
TITANIUM SHEET,FRAMES,NON BRAND,,L2D2S3-2,2.0,,350.0,,350.0,SPECTACLE FRAME CODE TXX
CARTIER METAL FULL IST,RECTANGLE FULL METAL FRAME,NON BRAND,,"L3D4-10,CT5-1",11.0,,1000.0,,1000.0,SPECTACLE FRAME CODE TXX
CARTIER M SUPRA,RECTANGLE SUPRA METAL FRAME,NON BRAND,,L3D1S3-4,4.0,,750.0,,750.0,SPECTACLE FRAME CODE TXX
SHEET WITH METAL SIDE,,NON BRAND,,L3D5S3-1,1.0,,500.0,,500.0,AX
CARTIER FULL AVIATOR IST,,NON BRAND,,D10-3,3.0,,1200.0,,1200.0,TFX
CARTIER SHEET,RECTANGLE FULL SHEET FRAME,NON BRAND,,NA,0.0,,500.0,,500.0,SPECTACLE FRAME CODE ETX
MONT BLANC M FULL,RECTANGLE FULL METAL FRAME,NON BRAND,,L4D3S2-3,3.0,,800.0,,800.0,SPECTACLE FRAME CODE TXX
MONT BLANC SHEET IST,RECTANGLE FULL SHEET FRAME,NON BRAND,,L1D5-3,3.0,,800.0,,800.0,SPECTACLE FRAME CODE TXX
MONT BLANC M SUPRA,FRAMES,NON BRAND,,"L4D3S1-4,S2-1,L4D5S2-3,D10-1",9.0,,750/1000,,750/1000,SPECTACLE FRAME CODE TXX
RAYBAN SHEET BRAND,RECTANGLE FULL SHEET FRAME,NON BRAND,,"DS3-1,CT11-1",2.0,,800.0,,800.0,EXX
BISMARCK,RECTANGLE FULL SHEET FRAME,NON BRAND,,L1D6S1-4,4.0,,350.0,,350.0,SPECTACLE FRAMES(CODE-ETX)
POLO FASHION 3PCS,RIMLESS,NON BRAND,,NA,0.0,,400.0,,400.0,SPECTACLE FRAMES(CODE-ETX)
TITAN EYE + SHEET,RECTANGLE FULL SHEET FRAME,NON BRAND,,L1D3S3-1,1.0,,400.0,,400.0,SPECTACLE FRAMES(CODE-ETX)
TITAN EYE + M SUPRA,RECTANGLE SUPRA METAL FRAME,NON BRAND,,L3D5S2-2,2.0,,400.0,,400.0,SPECTACLE FRAMES(CODE-ETX)
BOSS M SUPRA,RECTANGLE SUPRA METAL FRAME,NON BRAND,,NA,0.0,,800.0,,800.0,SPECTACLE FRAMES(CODE-ETX)
ULTEM,RECTANGLE FULL SHEET FRAME,NON BRAND,,L2D5S1-2,2.0,,250.0,,250.0,SPECTACLE FRAME (CODE-CT)
GUCCI M FULL,RECTANGLE FULL METAL FRAME,NON BRAND,,T22S2-2,2.0,,750.0,,750.0,SPECTACLE FRAMES(CODE-ETX)
EMPORIO ARMANI METAL,"RECTANGLE SUPRA, FULL METAL FRAME",NON BRAND,,L5D2S2-1,1.0,,800.0,,800.0,SPECTACLE FRAMES(CODE-ETX)
EMPORIO ARMANI SHEET,RECTANGLE FULL SHEET FRAME,NON BRAND,,CT11-1,1.0,,800.0,,800.0,SPECTACLE FRAMES(CODE-ETX)
CARTIER 3 PC,RIMLESS,NON BRAND,,L1D1S3-1,1.0,,1000.0,,1000.0,SPECTACLE FRAMES(CODE-ETX)
TAG HEUR 3 PC,RIMLESS,NON BRAND,,NA,1.0,,900.0,,900.0,SPECTACLE FRAMES(CODE-ETX)
COSTA 3 PC,RIMLESS,NON BRAND,,L1D1S1-1,1.0,,550.0,,550.0,SPECTACLE FRAMES(CODE-ETX)
TOMMY SPORT 3 PC,RIMLESS,NON BRAND,,L1D1S2-2,2.0,,500.0,,500.0,SPECTACLE FRAMES(CODE-ETX)
TOMMY HILFIGER FULL METAL IST,,,,L3D6S3-2,2.0,,800.0,,800.0,EXX
TOMMY HILFIGER FULL METAL,RECTANGLE SUPRA METAL FRAME,NON BRAND,,NA,1.0,,450.0,,450.0,SPECTACLE FRAMES(CODE-ETX)
TOMMY HILFIGER SHEET,RECTANGLE FRAMES,NON BRAND,,"L3D3S2-1,THD-1",2.0,,500.0,,500.0,
RAYBAN METAL SUPRA IST,RECTANGLE FULL METAL FRAME,NON BRAND,,na,10.0,,1000.0,,1000.0,SPECTACLE FRAMES(CODE-ETX)
RAYBAN METAL SUPRA,RECTANGLE SUPRA METAL FRAME,NON BRAND,,NA,0.0,,1000.0,,1000.0,SPECTACLE FRAMES(CODE-ETX)
POLICE SHEET,RECTANGLE FULL SHEET FRAME,NON BRAND,,L1D4S3-3,3.0,,600.0,,600.0,
POLICE METAL SUPRA IST,RECTANGLE SUPRA METAL FRAME,NON BRAND,,T22-8,8.0,,800.0,,800.0,SPECTACLE FRAMES(CODE-ETX)
FUSION,RECTANGLE FULL SHEET FRAME,NON BRAND,,L2D3S2-4,4.0,,250.0,,250.0,SPECTACLE FRAME (CODE-CT)
SHEET FRAMES,RECTANGLE FULL SHEET FRAME,NON BRAND,,"L4D1-5,DISPLAY-1",6.0,,200.0,,200.0,SPECTACLE FRAME (CODE-CT)
HANSHA,RECTANGLE FULL SHEET FRAME,NON BRAND,,L3D3S3-1,1.0,,350.0,,350.0,SPECTACLE FRAME (CODE-CT)
CREATIE,RECTANGLE,NON BRAND,,L1D5S3-1,1.0,,300.0,,300.0,SPECTACLE FRAME (CODE-CT)i
YOUNGSTUN SUPRA,RECTANGLE SUPRA METAL FRAME,NON BRAND,,NA,0.0,,500.0,,500.0,SPECTACLE FRAMES(CODE-ETX)
DIOR LADIES,CAT EYE SHEET FRAME,NON BRAND,,CT1-2,2.0,,600.0,,600.0,SPECTACLE FRAMES(CODE-ETX)
DATA SOFT,RECTANGLE FULL SHEET FRAME,NON BRAND,,L1D5S3-1,1.0,,450.0,,450.0,SPECTACLE FRAMES(CODE-ETX)
MYSTERY,RECTANGLE FULL SHEET FRAME,NON BRAND,,L5D6S1-1,1.0,,200.0,,200.0,SPECTACLE FRAME (CODE-CT)
LANTUN,FRAMES,NON BRAND,,L6D1S1-1,1.0,,150.0,,150.0,SPECTACLE FRAME (CODE-CT)
FARENHEIT READING FOLDABLE +1,FRAME,NON BRAND,,C9-1+1,19.0,,300.0,,300.0,
FARENHEIT READING FOLDABLE +1.5,FRAME,NON BRAND,,C9-13+3,16.0,,300.0,,300.0,
FARENHEIT READING FOLDABLE +2,FRAME,NON BRAND,,C9-20+5,24.0,,300.0,,300.0,
FARENHEIT READING FOLDABLE +2.5,FRAME,NON BRAND,,C9-19+4,23.0,,300.0,,300.0,
FARENHEIT READING FOLDABLE +3.0,FRAME,NON BRAND,,C9-5+4,9.0,,300.0,,300.0,
READING NV,FRAME,NON BRAND,,C9-7,7.0,,100.0,,100.0,
POSS DESIGN NV,NV,NON BRAND,,C9-11,11.0,,,,,READING
HAPPINESS,FRAMES,NON BRAND,,L6D4S3-1,1.0,,100.0,,100.0,
Excellen,BABY FRAME,NON BRAND,,L6D4S3-1,1.0,,100.0,,100.0,CT
LOUIS STYLE 3 PC,RIMLESS,NON BRAND,,L1D1S2-1,1.0,,150.0,,150.0,CT
NEW YORK DESIGN,FRAMES,NON BRAND,,L6D4S3-1,1.0,,200.0,,200.0,CT
DERN DESK,METAL SUPRA FRAME,NON BRAND,,L6D4S3-1,1.0,,150.0,,150.0,CT
JUST NV,FRAMES,NON BRAND,,T20S1-2,2.0,,150.0,,150.0,READING
READER READING,FRAMES,NON BRAND,,C9-1,1.0,,250.0,,250.0,READING
TOM STYLE,RECTANGLE SUPRA METAL FRAME,NON BRAND,,R-1,1.0,,450.0,,450.0,EXX
BLOOM PRIME,FRAMES,NON BRAND,,L6D4S2-1,1.0,,300.0,,300.0,AX
Escape Ex,SQURE FULL SHEET FRAME,NON BRAND,,NA,1.0,,350.0,,350.0,EXX
REAL MADRID,RECTANGLE SUPRA METAL FRAME,NON BRAND,,"CT1-1,L2D4S3-5",6.0,,500.0,,500.0,EXX
Mont Blanc 3 pc,RIMLESS,NON BRAND,,L1D1S1-1,1.0,,400.0,,400.0,AX
LANZO LOUIS,RECTANGLE SUPRA METAL FRAME,NON BRAND,,NA,0.0,,400.0,,400.0,AX
FANCY GOGGLES,SUNGLASS,NON BRAND,,"C8R1-5,DISPLAY-3",8.0,,120.0,,120.0,
FANCY METAL BIG SHAPE,"RECTANGLE,ROUND,AVIATOR,CATEYE FRAMES",NON BRAND,,"L4D1S2-2,R1-1",3.0,,450.0,,450.0,EXX-----1
KIDS,BABY FRAME,NON BRAND,,"L6D1S1-2,CT13-1",3.0,,100.0,,100.0,CT
Dior goggles,SUNGLASS,NON BRAND,,DISPLAY-1,1.0,,250.0,,250.0,
Display Goggles,SUNGLASS,NON BRAND,,"C8R1-16,DISPLAY-4",20.0,,350.0,,350.0,
driving goggles,SUNGLASS,NON BRAND,,DISPLAY-2,2.0,,200.0,,200.0,
HIGH FLIER BABY,BABY FRAME,NON BRAND,,L5D3S2-1,1.0,,120.0,,120.0,
Protective cup goggles,M-1,NON BRAND,,na,0.0,,1.0,,1.0,
SANAFLEX,,Non Brand,,R-1,1.0,,200.0,,200.0,
VISION SPRING,,Non Brand,," L6D3-12,C8R1-42,R1-1,L5D6S3-2",57.0,,"200, 300",,"200, 300",
MILLENIUM,,NON BRAND,,"L5D4-6,R-2",8.0,,200.0,,200.0,M-2
CHOICE,,NON BRAND,,R-1,1.0,,250.0,,250.0,
DR READING,NV READING,NON BRAND,,BOX-47,47.0,,100.0,,100.0,
VISION SPRING READER,CT,NON BRAND,,DISPLAY-6,6.0,,"120, 300",,"120, 300",
TIGER/TIGER MK,,NON BRAND,,L5D4S2-2,2.0,,200.0,,200.0,DAMMAGE-2
VISION SPRING SUNGLASSES,,NON BRAND,,"C8R1-19,D7-3",22.0,,150.0,,150.0,
GENESIS AVIATOR,,NON BRAND,,"T29S1-3,CT2-1,R-1",5.0,,800.0,,800.0,EXX
DOCTOR PLUS READING,AX,NON BRAND,,BOX-80,80.0,,150.0,,150.0,
KIXSQUEST READING,,NON BRAND,,T20-6,6.0,,250.0,,250.0,
Gsenev Aviator,AX,NON BRAND,,R-1,1.0,,300.0,,300.0,
Escape + Sheet,AX,NON BRAND,,"R1-1,CT10-1",2.0,,450.0,,450.0,AX
ESCAPE FULL METAL,,NON BRAND,,"R1-1,D10-1",2.0,,450.0,,450.0,EXX
RAYBAN TR SHEET ,,NON BRAND,,CT10-1,1.0,,500.0,,500.0,AX
RAYBAN TR PARIS,,NON BRAND,,L3D3S2-1,1.0,,400.0,,400.0,EXX
COMPACT READING,,NON BRAND,,BOX-15,CT,,200.0,,200.0,CT
MINI READING,,NON BRAND,,C9-7,7.0,,100.0,,100.0,---1
PRADA SHEET,,NON BRAND,,"L2D2S1-3,S2-3,C10-1",7.0,,800.0,,800.0,EXX
NIKE,,NON BRAND,,"R-1, DS3-2",3.0,,450.0,,450.0,AX
ADIDAS,,NON BRAND,,NA,0.0,,450.0,,450.0,TXX
RAW-7 KT READING,,NON BRAND,,C9-35,35.0,,200.0,,200.0,AX+1
PRADA METAL SUPRA IST,,NON BRAND,,CT4-2,2.0,,1200.0,,1200.0,EFX
PORSCHE DESIGN SURA METAL,,NON BRAND,,"T19S1-4,S2-3,S3-1",8.0,,1200.0,,1200.0,EFX
PORSCHE DESIGN AVIATOR METAL IST,,NON BRAND,,"L2D6,CT2-1",6.0,,,,,
CHANEL Ist M SUPRA+3PCS,,NON BRAND,,L1D1S3-2,2.0,,1000.0,,1000.0,TXX
CHANEL SHEET,,NON BRAND,,L2D5S1-1,1.0,,500.0,,500.0,
DIOR ROUND METAL IST,,NON BRAND,,L4D5S3-1,1.0,,900.0,,900.0,EFX
DIOR IST,,NON BRAND,,"D9-1,T19S3-3",4.0,,1200.0,,1200.0,EFX
DIOR FULL METAL IST,,NON BRAND,,DS4-1,1.0,,1000.0,,1000.0,EFX
CARTIER 3PC Ist,,NON BRAND,,L1D1S3-1,1.0,,1200.0,,1200.0,EFX
RICHIE RICH NV,,NON BRAND,,T20S1-1,1.0,,250.0,,250.0,CT
TOM FORD METAL  Ist,,NON BRAND,,"L3D2S2-6,S3-4,CT5-1",7.0,,1400.0,,1400.0,TXX
PRADA FANCY METAL IST,,NON BRAND,,"T37S2-4,S3-1",5.0,,800.0,,800.0,EXX
RAYBAN FANCY METAL,,NON BRAND,,CT5-1,1.0,,800.0,,800.0,EXX
VERSACE GOGGLES,,NON BRAND,,D7-1,1.0,,550.0,,550.0,EXX
IMAGE FANCY METAL,,NON BRAND,,DS3-1,1.0,,800.0,,800.0,EXX
TITAN EYE + M SUPRA IST,,NON BRAND,,"L3D2S1-5,S2-3",8.0,,800.0,,800.0,EXX
CARRERA GOGGLES,,NON BRAND,,D5-1,1.0,,1000.0,,1000.0,
O MATTER,,NON BRAND,,"L1D3S1-4,S2-1",5.0,,700.0,,700.0,EXX
PRADA GOGGLES,,NON BRAND,,D7-1,1.0,,550.0,,550.0,EXX
TAG HEUR SHEET Ist,,NON BRAND,,NA,0.0,,700.0,,700.0,EXX
RAYBAN GOGGLES(4190),,NON BRAND,,"D6-2,C10-6",8.0,,900.0,,900.0,EFX
RAYBAN WOOD GOGGLES(4175),,NON BRAND,,"D6-2,D7-1",3.0,,900.0,,900.0,EFX
RAYBAN DIAMOND AVIATORS+O SHAPE GOGGLES(3517+3510),,NON BRAND,,"C8R1-4,D6-1",5.0,,700.0,,700.0,EFX
RAYBAN GOGGLES,,NON BRAND,,"C10-2,D7-2",4.0,,500.0,,500.0,ETX
RAYBAN AVIATORS GOGGLES,,NON BRAND,,D6-6,6.0,,700.0,,700.0,EFX
RAYBAN GOLD PG,,NON BRAND,,D7-1,1.0,,700.0,,700.0,EXX
RAYBAN D SHAPE,,NON BRAND,,D6-1,1.0,,700.0,,700.0,EXX
RAYBAN CANDY,,NON BRAND,,D6-3,3.0,,700.0,,700.0,
RAYBAN MURCURY,,NON BRAND,,D7-1,1.0,,700.0,,700.0,
VOGUE METAL Ist,,NON BRAND,,NA,0.0,,800.0,,800.0,EXX
CARRERA METAL Ist,,NON BRAND,,"T29S3-4,DS3-2",6.0,,700.0,,700.0,EFX
GUCCI SHEET Ist,,NON BRAND,,"T16S1-1,S2-1",2.0,,700.0,,700.0,EFX
RAYBAN SHEET Ist,,NON BRAND,,"D9-2,T23-2",4.0,,700.0,,700.0,EXX
PORSCHE DESIGN SHEET M S Ist,,NON BRAND,,NA,0.0,,800.0,,800.0,EXX
PORSCHE DESIGN GOGGLES,,NON BRAND,,D5-4,4.0,,1000.0,,1000.0,EXX
TOM HILL NV READYMADE,NV METAL SUPRA FRAME,NON BRAND,,C9-34,10.0,,250.0,,250.0,CT
MAKKER,SHEET FRAME,NON BRAND,,L5D6S2-1,1.0,,400.0,,400.0,ax
TOM HILL SHEET,ROUND SHEET FRAME,NON BRAND,,"D9-1,C8R1-35,CT3-1,L2D3S3-4",41.0,,500.0,,500.0,AX
MAIRA BOSS+ SHEET,METAL FRAME,NON BRAND,,D9-1,1.0,,450.0,,450.0,AX
MAGIC TR,SHEET FRAMES,NON BRAND,,CT7-1,1.0,,350.0,,350.0,AX
BOTEGO PASSION,SHEET FRAMES,NON BRAND,,"L5D5-8,CT3-1,C10-3",12.0,,350.0,,350.0,CT
SMARTENT,SHEET FRAMES,NON BRAND,,L5D1S3-2,2.0,,300.0,,300.0,CT
V-READERS NV,METAL SUPRA,NON BRAND,,T20S2-3,3.0,,200.0,,200.0,
U EYEWEAR BLUE,SHEET FRAMES,NON BRAND,,L5D1S2-1,1.0,,300.0,,300.0,AX
D&G SHEET IST,SHEET FRAMES,NON BRAND,,L2D1S3-1,1.0,,800.0,,800.0,
D&G GOGGLES,GOGGLES,NON BRAND,,D7-1,1.0,,550.0,,550.0,EXX
DIOR SHEET IST,SHEET FRAMES,NON BRAND,,NA,0.0,,600.0,,600.0,TFX
BURBERRY FULL METAL IST,FULL METAL ROUND FRAME,NON BRAND,,"L3D6S1-3,D10-1",4.0,,800.0,,800.0,TFX
BURBERRY GOGGLES,GOGGLES,NON BRAND,,D7-1,1.0,,550.0,,550.0,EXX
CARTIER SHEET IST,SHEET FRAMES,NON BRAND,,L1D2S2-1,1.0,,800.0,,800.0,EXX
TOMMY HILFIGER SHEET IST,SHEET FRAMES,NON BRAND,,"L3D3S1-3,S2-1",4.0,,800.0,,800.0,ETX
DISTRICT,FULL METAL,NON BRAND,,NA,0.0,,300.0,,300.0,AX
ROMEROS,SHEET FRAME,NON BRAND,,"L2D5S3-2,DS3-2",4.0,,400.0,,400.0,AX---1
RESTAURA,FULL METAL,NON BRAND,,NA,0.0,,450.0,,450.0,AX
LOCATIN,SHEET FRAMES,NON BRAND,,"L4D6S1-1,S2-1",3.0,,350.0,,350.0,AX
MK GOGGLES,,NON BRAND,,D7-1,1.0,,550.0,,550.0,EXX
ALLIGATOR GOGGLES,,NON BRAND,,D5-3,3.0,,350.0,,350.0,AX
VENCE GOGGLES,,NON BRAND,,D7-1,1.0,,150.0,,150.0,AX
FRANK MARTIN GOGGLES,,NON BRAND,,D5-7,7.0,,700.0,,700.0,EFX
CONFESS GOGGLES,,NON BRAND,,D5-3,3.0,,300.0,,300.0,AX
HONEY EYEWEAR NV,FULL METAL,NON BRAND,,T3S1-1,1.0,,200.0,,200.0,CT
CK1184SP_006_59,SUNGLASS,Calvin Klein,59.0,D2-1,1.0,,8050.0,,8050.0,
CK1209S_001_62,,Calvin Klein,62.0,T2S3-1,1.0,,,,,
CK1209S_010_62,SUNGLASS,Calvin Klein,62.0,T82S1-1,1.0,,9000.0,,9000.0,
CK2146SA_001_59,SUNGLASS,Calvin Klein,59.0,T52S2-1,1.0,,9000.0,,9000.0,
CK3143S_001_55,SUNGLASS,Calvin Klein,55.0,T2S1-1,1.0,,,,,
CK3143S_228_55,SUNGLASS,Calvin Klein,55.0,T52S1-1,1.0,,,,,
CK4182_002_54,SUNGLASS,Calvin Klein,54.0,T52S1-1,1.0,,8500.0,,8500.0,
CK4224S_004_57,SUNGLASS,Calvin Klein,57.0,T2S1-1,1.0,,8395.0,,8395.0,
CK4260S_196_55,SUNGLASS,Calvin Klein,55.0,T2S1-1,1.0,,8395.0,,8395.0,
CK4261S_060_55,SUNGLASS,Calvin Klein,55.0,T52S1-1,1.0,,8395.0,,8395.0,
CK5350_403_54,FRAME,Calvin Klein,54.0,T79S3-1,1.0,,9562.0,,9562.0,
CK5350_060_54,FRAME,Calvin Klein,54.0,T79S3-1,1.0,,9562.0,,9562.0,
CK5367_044_52,FRAME,Calvin Klein,52.0,T79S3-1,1.0,,,,,
DJ15T126_C3_54,FRAME,David Jones,54.0,"D11-1,T13S1-1",2.0,,3000.0,,3000.0,
DJ13T156,,David Jones,53.0,NA,0.0,,1800.0,,1800.0,
DJ15T163_C5_54,,David Jones,54.0,T64S2-1,1.0,,1800.0,,1800.0,
FOS3010PS_003Y2_59,SUNGLASS,,59.0,T45S3-1,1.0,,5400.0,,5400.0,
FOS2057S_0039K_52,SUNGLASS,,52.0,T45S3-1,1.0,,7200.0,,7200.0,
BOSS HUGO BOSS SHEET,,NON BRAND,,NA,0.0,,800.0,,800.0,EXX
VOGUE SHEET IST,,NON BRAND,,"T10S1-2,S2-2",4.0,,700.0,,700.0,EXX
FT_P089WH4_M,,Fastrack,M,D3-2,2.0,,1299.0,,1299.0,SUNGLASS
FT_M062BK1_M,,Fastrack,M,BOX(ALMIRA),1.0,,2899.0,,2899.0,SCRATCH
FT_M162BK1_M,,Fastrack,M,D4-1,1.0,,1999.0,,1999.0,SUNGLASS
FT_M149BU2_M,SCRATCH,Fastrack,M,D3-1,1.0,,2499.0,,2499.0,SUNGLASS
FT_P108BR2_M,,Fastrack,M,D4-1,1.0,,1699.0,,1699.0,SUNGLASS
FT_P294BU2_M,,Fastrack,M,"D12-1,D4-1,C6R1-2",4.0,,1399.0,,1399.0,SUNGLASS
FT_M068BK8P_M,,Fastrack,M,"D3-1,D4-1",2.0,,2899.0,,2899.0,SUNGLASS
FT_U005YL5F_58,,Fastrack,58.0,C6R1-3,3.0,,2499.0,,2499.0,SUNGLASS
ID873_C3_51,,IDEE,51.0,C2R2-1,1.0,,1800.0,,1800.0,FRAME
ID1001_C2_54,,IDEE,54.0,T65S1-1,1.0,,1800.0,,1800.0,FRAME
ID1030_C1_53,,IDEE,53.0,T67S1-1,1.0,,,,,FRAME
ID1033_C4_51,,IDEE,51.0,T67S1-1,1.0,,2400.0,,2400.0,FRAME
ID1144_C2_53,,IDEE,53.0,T65S2-1,1.0,,1800.0,,1800.0,FRAME
ID1038_C4_51,,IDEE,51.0,T67S1-1,1.0,,,,,FRAME
ID1038_C6_51,,IDEE,51.0,T67S1-1,1.0,,1800.0,,1800.0,FRAME
ID1152_C1_54,,IDEE,54.0,"C2R4-1,T65S2-1",2.0,,1800.0,,1800.0,FRAME
ID1153_C4_52,,IDEE,52.0,T65S1-1,1.0,,1800.0,,1800.0,FRAME
ID1460_C2_54,,IDEE,54.0,T4S3-1,1.0,,,,,FRAME
ID1470_C5_52,,IDEE,52.0,T65S3-1,1.0,,2250.0,,2250.0,FRAME
ID1470_C7_52,,IDEE,52.0,T24S3-1,1.0,,2250.0,,2250.0,FRAME
ID1476_C4_52,,IDEE,52.0,"T24S2-1,C2R4-1",2.0,,2450.0,,2450.0,FRAME
ID1479_C4_50,,IDEE,50.0,"T66S1-1,C2R4-1",2.0,,2450.0,,2450.0,FRAME
ID1483_C2_50,,IDEE,50.0,T66S3-1,1.0,,2450.0,,2450.0,FRAME
ID1489_C4_51,,IDEE,51.0,"C2R2-1,T4S2-1",2.0,,2390.0,,2390.0,FRAME
ID1489_C5_51,,IDEE,51.0,T4S3-1,1.0,,,,,FRAME
ID1509_C2_50,,IDEE,50.0,"C2R3-13,T67S2-1",14.0,,2160.0,,2160.0,FRAME
ID1528_C1_51,,IDEE,51.0,T24S2-1,1.0,,1980.0,,1980.0,FRAME
ID1528_C3_51,,IDEE,51.0,T65S3-1,1.0,,1980.0,,1980.0,FRAME
ID1531_C2_54,,IDEE,54.0,"C2R2-1,T35S2-1",2.0,,2380.0,,2380.0,FRAME
ID1542_C2_53,,IDEE,53.0,"C2R3-9,T69S2-1",10.0,,1950.0,,1950.0,FRAME
ID1333_C4_47,,IDEE,47.0,"C2R2-2,T68S1-1",3.0,,2590.0,,2590.0,FRAME
ID1134_C2_49,FRAME,IDEE,49.0,T66S1-1,1.0,,1800.0,,1800.0,FRAME
ID1246_C2_51,,IDEE,51.0,T65S1-1,1.0,,1800.0,,1800.0,FRAME
ID1248_C8_50,,IDEE,50.0,T66S2-1,1.0,,2200.0,,2200.0,FRAME
ID1292_C3_52,,IDEE,52.0,T66S2-1,1.0,,1800.0,,1800.0,FRAME
IDS2401_C4_52,,IDEE,52.0,T55S2-1,1.0,,2850.0,,2850.0,SUNGLASS
IDS2401_C7_52,,IDEE,52.0,D2-1,1.0,,2850.0,,2850.0,SUNGLASS
IDS1802_C2_57,,IDEE,57.0,D2-1,1.0,,1980.0,,1980.0,SUNGLASS
BOSS METAL Full Ist,EXX,NON BRAND,,CT5-1,1.0,,800.0,,800.0,FRAME
BOSS METAL SUPRA IST,EXX,NON BRAND,,"T14-8,L5D2S1-4",12.0,,800.0,,800.0,FRAME
PLATINUM,EXX,NON BRAND,,DS4-1,1.0,,800.0,,800.0,FRAME
YG TR METAL,AX,,,NA,0.0,,300.0,,300.0,FRAME
DISCOVERY NOW METAL,EXX,,,DS4-1,1.0,,550.0,,550.0,FRAME
FASILOOR METAL  SIDE,,,,"T27-10,CT7-2",12.0,,300.0,,300.0,FRAME
HASHTAG SUPRA METAL,ETX,,,"L4D4S2-2,D10-(1 PCS CRACK)",2.0,,900.0,,900.0,FRAME
HASHTAG FULL METAL,EXX,,,D10-2,2.0,,600.0,,600.0,FRAME
MAIRA BOSS SUPRA METAL,EXX,,,NA,0.0,,550.0,,550.0,FRAME
MAIRA BOSS FULL METAL,EXX,,,NA,0.0,,550.0,,550.0,FRAME
TR FANCY METAL,EXX,,,"D9-1,L5D2S2-2",3.0,,500.0,,500.0,FRAME
JOHN HILL SUPRA,AX,,,NA,0.0,,450.0,,450.0,FRAME
BABY ACETATE,AX,,,NA,0.0,,400.0,,400.0,FRAME
TANKS METAL ROUND,AX,,,"L4D5S3-2,CT12-1",3.0,,300.0,,300.0,FRAME
ALPHA ACETATE,EXX,,,L2D5S2-1,1.0,,450.0,,450.0,FRAME
SPEED,AX,,,NA,0.0,,300.0,,300.0,FRAME
CANSTAR,AX,,,D9-2,6.0,,450.0,,450.0,FRAME
PEN READING,CT,,,BOX-358,304.0,,200.0,,200.0,FRAME
NIKE SUPRA METAL,AX,,,NA,0.0,,450.0,,450.0,FRAME
PRADA FULL METAL ROUND IST,ETX,,,L6D4S2-2,2.0,,1000.0,,1000.0,FRAME
PRADA FULL METAL SQURE IST,ETX,,,"C10-7,L3D6S3-2",9.0,,1000.0,,1000.0,FRAME
RAYBAN AVIATOR SUPRA METAL IST,EXX,,,L3D4S1-1,1.0,,700.0,,700.0,FRAME
HANKER(66009),,,,"C8R2-4,CT8-1",5.0,,450.0,,450.0,FULL METAL AVIATOR FRAME
HANKER(66012),,,,CT9-1,1.0,,450.0,,450.0,FULL METAL SQURE FRAME
HANKER(66013),,,,CT9-1,1.0,,450.0,,450.0,FULL METAL SQURE FRAME
HANKER(66014),,,,NA,0.0,,450.0,,450.0,FULL METAL SQURE FRAME
HANKER(66018),,,,"L5D2S3-4,D10-1",5.0,,450.0,,450.0,FULL METAL SQURE FRAME
HANKER(66019),,,,"C8R2-2,D10-1,CT8-1",4.0,,450.0,,450.0,FULL METAL SQURE FRAME
HANKER(66020),,,,"CT9-1,D10-1,DS4-2",5.0,,450.0,,450.0,FULL METAL AVIATOR FRAME
LOUIS VUITION FULL METAL,,,,"BOX-5,D10-2",7.0,,600.0,,600.0,EXX
MAYBACH FULL METAL,,,,NA,0.0,,600.0,,600.0,EXX
FERRARI FULL METAL,,,,L4D3S3-3,3.0,,800.0,,800.0,EXX
CARRERA FULL AVIATOR ,,,,BOX-4,4.0,,800.0,,800.0,EXX
CARRERA SUPRA METAL,,,,BOX-7,7.0,,800.0,,800.0,EXX
VERSACE FULL METAL,,,,L4D2S2-4,4.0,,800.0,,800.0,EXX
PORSCHE DESIGN FULL METAL,,,,"L4D2D3-4,BOX-3",7.0,,800.0,,800.0,EXX
GUCCI FULL METAL SQURE ,,,,"BOX-2,CT5-1",3.0,,800.0,,800.0,EXX
GUCCI FULL AVIATOR,,,,BOX-8,8.0,,900.0,,900.0,EXX
DITA FULL METAL,,,,BOX-4,4.0,,800.0,,800.0,EXX
SPIKE SHEET,,,,NA,0.0,,300.0,,300.0,CT
CLASSIC SHEET,,,,C8R1-1,2.0,,300.0,,300.0,CT
SLEEK FULL METAL,,,,C8R1-12,12.0,,300.0,,300.0,CT
PARI FULL METAL,,,,C8R1-2,2.0,,300.0,,300.0,CT
BOB MANDATORY,AX,,,CT10-1,1.0,,350.0,,350.0,
CAPS SHEET,EXX,,,DS3-1,1.0,,450.0,,450.0,
VERVE FIX PAD METAL,EXX,,,L3D5S2-2,2.0,,450.0,,450.0,
OH LA LA,EXX,,,D9-1,1.0,,450.0,,450.0,
MIMI CLASSIC,AX,,,DISLAY(DAMAGE),0.0,,450.0,,450.0,
COME UP,AX,,,"L5D1S2-2,DS3-1",3.0,,300.0,,300.0,
FRANCE,AX,,,D9-1,1.0,,300.0,,300.0,
MENEING,EXX,,,"L1D2S3-1,THD-1",2.0,,400.0,,400.0,
KRLSH,AX,,,D10-1,1.0,,300.0,,300.0,
DENTEL,AX,,,DS3-1,1.0,,300.0,,300.0,
ACETATE D BAR,EXX,,,"D9-1,L6D6S2-3",4.0,,500.0,,500.0,
RAYBAN ACETATE,EFX,,,na,0.0,,1100.0,,1100.0,
SKY BORN ACETATE,EXX,,,na,0.0,,650.0,,650.0,
METAL RING TR,EXX,,,CT8-1,1.0,,500.0,,500.0,
WILTON,AX,,,"L2D4S2-2,D9-1",3.0,,400.0,,400.0,
ORION,AX,,,"D9-1,L6D6S1-2",3.0,,300.0,,300.0,
GANGSTER,EXX,,,"DS4-1,CT8-2",3.0,,550.0,,550.0,
ESCAPE MB,AX,,,"CT3-2,CT7-1",3.0,,300.0,,300.0,
TOM HILL BOTIM,AX,,,CT7-1,0.0,,300.0,,300.0,
CHRISTIAN,EXX,,,"T18-8,CT2-2,DS4-3",13.0,,500.0,,500.0,
TESPORT,AX,,,L2D3S1-1,1.0,,450.0,,450.0,
COPPER METAL,EXX,,,R1-1,1.0,,450.0,,450.0,
ULTRA WATCH,EXX,,,NA,0.0,,400.0,,400.0,
TOM LEO,AX,,,NA,0.0,,400.0,,400.0,
ESCAPE TR METAL SIDE,AX,,,L5D3S1-1,1.0,,450.0,,450.0,
TR ROUND GUCCI,EXX,,,NA,0.0,,500.0,,500.0,
TR OAKLEY,EXX,,,D9-1,1.0,,500.0,,500.0,
DISCOVERY EYES METAL,EXX,,,NA,0.0,,500.0,,500.0,
DIOR DELTA,EXX,,,DS4-1,1.0,,900.0,,900.0,
CARRERA DELTA,EXX,,,NA,0.0,,900.0,,900.0,
CARTIER DELTA,EXX,,,"T49S3-3,CT8-1",4.0,,900.0,,900.0,
BOSS DELTA,EXX,,,"L2D6S1-2,CT12-2",4.0,,900.0,,900.0,
TOM FORD DELTA,EXX,,,"DS4-1,D10-1",2.0,,900.0,,900.0,
POLICE DELTA,EXX,,,L4D5S2-1,1.0,,900.0,,900.0,
NIRVANA,EXX,,,"T6-12,D9-1,D10-1",14.0,,800.0,,800.0,
RAFA PC,CT,,,NA,0.0,,250.0,,250.0,
TOM STYLE SHEET ROUND,AX,,,NA,0.0,,400.0,,400.0,
BANKU KIDS,CT,,,"L5D3S1-2,S2-4",6.0,,150.0,,150.0,
KIDS SAFILO,CT,,,NA,0.0,,300.0,,300.0,
OLIVICRR,EXX,,,L3D5S2-1,1.0,,500.0,,500.0,
ESCAPE DIVA,AX,,,na,0.0,,450.0,,450.0,
ESCAPE DEJAVU,AX,,,"CT3-1,D9-1",2.0,,450.0,,450.0,
KIDDIES,CT,,,NA,1.0,,300.0,,300.0,
MADRIDCITY SHEET,AX,,,"CT6-1,D9-1",2.0,,400.0,,400.0,
WORLDCUP SHEET,AX,,,CT6-1,1.0,,400.0,,400.0,
NATIONPORTS SHEET,AX,,,"L4D1S3-4,D9-1,L1D2S3-1",6.0,,400.0,,400.0,
ROCKER SHEET,CT,,,"D9-1,L2D3S1-1",2.0,,300.0,,300.0,
SYNERGY SHEET,CT,,,D9-1,1.0,,250.0,,250.0,
CHRISTIAN DIOR FULL METAL IST,EXX,,,"L4D2S1-2,CT8-1",3.0,,800.0,,800.0,
BORN CRAZY METAL,AX,,,NA,4.0,,450.0,,450.0,
VERACITY FULL METAL,AX,,,NA,0.0,,350.0,,350.0,
ELLSURISE FULL METAL,AX,,,NA,0.0,,400.0,,400.0,
MIGHTY FULL METAL,AX,,,D10-1,1.0,,400.0,,400.0,
RULEC FULL METAL,EXX,,,"C8R1-9,CT1-1,L4D4S3-4",14.0,,450.0,,450.0,
MOON LIGHT FULL METAL,EXX,,,"CT4-2,",2.0,,500.0,,500.0,
PVP EYE SHEET,EXX,,,CT10-1,1.0,,450.0,,450.0,
SPIDERMAN METAL,AX,,,DS4-1,1.0,,400.0,,400.0,
KADDORA SHEET,AX,,,L1D2S2-2,2.0,,400.0,,400.0,
HARLEY DAVIDSON SHEET,CT,,,"D9-1,CT11-1",4.0,,300.0,,300.0,
DISCOVERY SCHOOL,AX,,,CT13-1,1.0,,400.0,,400.0,
TONNY DAVID FULL METAL,AX,,,NA,0.0,,400.0,,400.0,
AISLIN SHEET GOGGLES,EXX,,,NA,0.0,,700.0,,700.0,
MARY JANE SHEET GOGGLES,AX,,,D7-1,1.0,,450.0,,450.0,
LADIES METAL WILI,EXX,,,DS4-1,2.0,,600.0,,600.0,
ROUND SHEET ,AX,,,NA,0.0,,,,,
PEACHY METAL,FRAME,,,CT9-1,1.0,,450.0,,450.0,
TAG BROTHERS SHEET,,,,"C8R1-7,CT6-2,T5-12",21.0,,300.0,,300.0,
EYEJACK METAL,,,,C8R1-1,1.0,,500.0,,500.0,
DAVID BECKHAM SHEET,,,,"T10S3-2,CT3-1,C10-2",5.0,,800.0,,800.0,
CHANEL SHEET IST,,,,CT3-1,1.0,,800.0,,800.0,
GOAVIATOR  FULL AVIATOR,,,,"CT2-1,D10-1,C8R2-45",47.0,,500.0,,500.0,
DINEX SUPRA AVIATOR,,,,"D10-2,C8R2-35,CT4-2",39.0,,350.0,,350.0,
UIVI FULL AVIATOR,,,,"CT2-1,C8R2-93",103.0,,150.0,,150.0,
RAYBAN SHEET ,,,,"CT10-1,T28-9,D9-1",11.0,,600.0,,600.0,
TAG HEUER SHEET,,,,"D9-2,T12S3-3",5.0,,500.0,,500.0,
BOSS SHEET,,,,"C10-1,D9-1",2.0,,500.0,,500.0,F
MONT BLANC SHEET,,,,"T12S2-4,CT11-2",6.0,,500.0,,500.0,
KIDS METAL,,,,"C6R3-51,CT13-2",53.0,,350.0,,350.0,F
RAYBAN FULL AVIATOR(LANDERS),,,,"D10-1,C8R2-42",43.0,,500.0,,500.0,
BAMBOO RAYBAN GOGGLES,,,,"D6-3,C9-52",53.0,,200.0,,200.0,
RAYBAN BLACK GOGGLES,exx,,,"C10-24,D6-1,D7-1",26.0,,550.0,,550.0,
RAYBAN GOLDEN GOGGLES,,,,"C10-24,D6-1",25.0,,550.0,,550.0,
RAYBAN SILVER AVIATOR,,,,"C10-5,D7-1",6.0,,550.0,,550.0,
RAYBAN BROWN AVIATOR,,,,"C10-5,D6-1,D7-1",7.0,,550.0,,550.0,
ESCAPE LEAGUE METAL,,,,DS4-2,2.0,,450.0,,450.0,
TIMKING METAL,,,,NA,0.0,,400.0,,400.0,
TOP GUN,,,,"L1D2S2-1,CT4-1",2.0,,450.0,,450.0,
TOM STYLE SUPRA METAL,,,,BOX-1,1.0,,300.0,,300.0,
BUSINENS ,,,,NA,0.0,,400.0,,400.0,
MEXICAN METAL,,,,CT9-1,1.0,,450.0,,450.0,
RADIANT FULL METAL,,,,NA,0.0,,350.0,,350.0,
TUCSON METAL,,,,S2-1,1.0,,600.0,,600.0,
AIRWAY METAL,,,,BOX-1,1.0,,450.0,,450.0,
CONFART METAL,,,,CT5-1,1.0,,300.0,,300.0,
WD WHITE DUST SHEEET,,,,L5D6S1-2,2.0,,300.0,,300.0,
CHANGEZI FULL METAL,,,,CT4-2,2.0,,450.0,,450.0,
RAFA HAMMER SHEET,,,,CT11-1,1.0,,450.0,,450.0,
TR SPRING SHEET,,,,T74S2-1,1.0,,350.0,,350.0,
TOM PACITO BABY FRAME,,,,NA,0.0,,150.0,,150.0,
CODY BIOY METAL,,,,NA,0.0,,300.0,,300.0,
D FULL METAL,,,,D10-1,1.0,,450.0,,450.0,
LE CONIC EYE METAL,,,,"T48S2-3,CT9-2",5.0,,500.0,,500.0,
VENUS METAL,,,,CT1-1,1.0,,400.0,,400.0,
RAFA JOVAN METAL,,,,T42S2-4,4.0,,400.0,,400.0,
MAGIC SHEET ,,,,CT6-1,1.0,,350.0,,350.0,
JACK&JACOB SHEET,,,,"L5D3S3-1,DS3-1",2.0,,400.0,,400.0,
FASHION HUNT FULL METAL,,,,CT8-2,3.0,,400.0,,400.0,
TOM BLUE SHEET,,,,BOX-1,1.0,,350.0,,350.0,
WONDER METAL,,,,"DS3-2,D10-1, BOX-36",39.0,,500.0,,500.0,
EMS SHEET,,,,na,0.0,,400.0,,400.0,
KERZER BABY SHEET,,,,NA,0.0,,350.0,,350.0,
BABY LINE SHEET,,,,CT13-1,1.0,,350.0,,350.0,
MINUS READING+VISION PLUS READING(-),,,,BOX-250,250.0,,200.0,,200.0,
VISION PLUS READING,,,,BOX-24,24.0,,,,,
VARNIKA+SECOND INNINGS READING,,,,BOX-65,65.0,,,,,
TONY BLUE METAL,,,,NA,0.0,,400.0,,400.0,
ESCAPE BRILLIANT SHEET,,,,NA,0.0,,400.0,,400.0,
BREATE METAL,,,,,2.0,,300.0,,300.0,
TDQOYS METAL,,,,"BOX-1,CT4-1",2.0,,350.0,,350.0,
CARNIVAL METAL,,,,NA,0.0,,550.0,,550.0,
SUNFIRE METAL,,,,CT12-1,1.0,,450.0,,450.0,
BELLMONTE SHEET,,,,L5D6S2-1,1.0,,400.0,,400.0,
RAFA TRINGLE SHEET,,,,L6D6S3-4,4.0,,300.0,,300.0,
REFLECT SHEET,,,,CT10-1,1.0,,350.0,,350.0,
GUCCI TR SHEET,,,,NA,0.0,,500.0,,500.0,
GUCCI LADIES,,,,DS4-2,2.0,,600.0,,600.0,
PRADA TR SHEET ,,,,L3D3S3-1,1.0,,500.0,,500.0,
TEN 20 SHEET,,,,NA,0.0,,300.0,,300.0,
TR SHEET,,,,CT11-1,1.0,,500.0,,500.0,
FICTION TR 90 SHEET,,,,NA,0.0,,500.0,,500.0,
VANILLA METAL,,,,NA,0.0,,300.0,,300.0,
BORIS SHEET,,,,L1D3S3-1,2.0,,350.0,,350.0,
ESCAPE ICEBERG SHEET,,,,CT6-1,1.0,,400.0,,400.0,
FIRE SHEET,,,,"T16S2-1,D9-2",3.0,,350.0,,350.0,
VISION SAN SHEET,,,,NA,0.0,,350.0,,350.0,
HIGH STAR SHEET,,,,CT10-1,1.0,,350.0,,350.0,
YANJINW METAL,,,,CT9-1,1.0,,350.0,,350.0,
RELIABLE ,,,,"CT12-1,DS3-1",2.0,,350.0,,350.0,
BRETT METAL,,,,NA,1.0,,500.0,,500.0,
ESCAPE BRILLIANT METAL,,,,DS4-3,3.0,,450.0,,450.0,
HUGO BOSS TR SHEET,,,,L6D6S1-2,2.0,,600.0,,600.0,
CARRERA TR SHEET,,,,"D9-2,CT11-2",4.0,,600.0,,600.0,
CARTIER FULL METAL,,,,BOX-3,3.0,,700.0,,700.0,
FANCY SHEET,,,,NA,0.0,,450.0,,450.0,
MESMOS METAL,,,,"CT5-1,CT1-1",2.0,,500.0,,500.0,
TOM STYLE SHEET,,,,DS3-1,4.0,,400.0,,400.0,
CADINI SHEET,,,,NA,0.0,,400.0,,400.0,
J EYEWEAR METAL,,,,"T42S3-4,D10-1",5.0,,700.0,,700.0,
RAFA AERO ,,,,NA,0.0,,400.0,,400.0,
BRAVE HEART SHEET,,,,NA,0.0,,150.0,,150.0,
ROYAL NAVY SHEET,,,,L2D1S3-1,1.0,,300.0,,300.0,
NO 18 SHEET,,,,CT10-1,1.0,,300.0,,300.0,
BRYAN ADAMS SHEET,,,,D9-1,1.0,,400.0,,400.0,
NIKE SHEET,,,,NA,0.0,,600.0,,600.0,
GUCCI SHEET,,,,L1D3S2-1,1.0,,600.0,,600.0,
RS SUPRA,,,,D10-1,1.0,,300.0,,300.0,
ESCAPE TALENT SHEET,,,,NA,0.0,,450.0,,450.0,
SALEEN SHEET,,,,L5D1S1-5,5.0,,300.0,,300.0,
CELLACE SHEET,,,,NA,0.0,,300.0,,300.0,
CITY HIGH METAL,,,,NA,0.0,,400.0,,400.0,
ENVISION FIX PAD,,,,NA,0.0,,400.0,,400.0,
X ZONE SHEET,,,,NA,0.0,,300.0,,300.0,
ROMOLLK METAL,,,,NA,0.0,,400.0,,400.0,
JUDICIOUS METAL,,,,NA,0.0,,300.0,,300.0,
MENASTOP METAL,,,,NA,1.0,,450.0,,450.0,
BRYAN METAL,,,,"D10-1,CT12-1",2.0,,600.0,,600.0,
QUERCOE METAL,,,,CT2-1,1.0,,350.0,,350.0,
RANDY METAL,,,,D10-1,1.0,,300.0,,300.0,
GOLDEN TIME METAL,,,,CT2-1,1.0,,500.0,,500.0,
EYEWEAR LABS GOGGLES,,,,DISPAY-1,1.0,,400.0,,400.0,
TURBAN KING AVIATOR,F,,,CT9-1,1.0,,400.0,,400.0,
RESOURCE METAL FRAME,PF,,,"CT1-1,CT12-1",2.0,,500.0,,500.0,
T-HEAVEN,PF,,,"BOX-22,CT7-1,CT10-1",24.0,,450.0,,450.0,
ESCAPE PRODIGY TR,PF,,,"BOX-38,CT10-1",39.0,,700.0,,700.0,
MANGO CARBON,PF,,,"BOX-14,CT6-1,CT11-1",16.0,,150.0,,150.0,
RIHAXNI METAL,PF,,,"BOX-2,CT9-1",3.0,,450.0,,450.0,
HANKER ,PF,,,"BOX-12,CT1-2,CT9-1",15.0,,350.0,,350.0,
HAPPY DREAM METAL,PF,,,"C6R3-11,CT12-2",13.0,,300.0,,300.0,
COMFORT,PF,,,"BOX-2,CT11-1",3.0,,150.0,,150.0,
CLUB,PF,,,"BOX-3,CT11-1",4.0,,150.0,,150.0,
PREMIUM,PF,,,"BOX-1,CT11-1",2.0,,200.0,,200.0,
ESCAPE ZIGZAG,PF,,,"C8R1-3,CT13-3",6.0,,200.0,,200.0,
LIFE LONG,PF,,,"C8R1-1,CT7-2",3.0,,450.0,,450.0,
LOUIS ART,PF,,,"C8R1-1,CT3-1,CT7-1",3.0,,450.0,,450.0,
SHAE NIRE,PF,,,"CT3-1,CT6-1",2.0,,450.0,,450.0,
ESCAPE SHEET,PF,,,na,0.0,,300.0,,300.0,
LEMON SHEET,PF,,,NA,0.0,,400.0,,400.0,
FICTION FRANCE SHEET,PF,,,"C8R1-1,CT3-2,CT6-1",4.0,,450.0,,450.0,
VACATION,PF,,,NA,0.0,,500.0,,500.0,
FLASH CARO METAL,PF,,,NA,0.0,,500.0,,500.0,
FLAKE METAL,PF,,,CT12-1,1.0,,400.0,,400.0,
PRIVATE FULL METAL,PF,,,CT1-2,2.0,,600.0,,600.0,
END GAME SHEET,PF,,,"C8R1-22,CT6-2",25.0,,300.0,,300.0,
PRADA METAL(CONFIDENCE),PF,,,NA,0.0,,550.0,,550.0,
CARTIER METAL(CONFIDENCE),PF,,,D10-1,1.0,,550.0,,550.0,
RAYBAN METAL(CONFIDENCE),PF,,,D10-1,1.0,,550.0,,550.0,
TITAN EYE (CONFIDENCE),PF,,,NA,0.0,,550.0,,550.0,
VOGUE METAL (CONFIDENCE),PF,,,NA,0.0,,550.0,,550.0,
IDEE METAL (CONFIDENCE),PF,,,"C8R2-1,CT12-1",2.0,,550.0,,550.0,
VFIB20K_C0078_53,,FILA,53.0,T83S1-1,1.0,,4950.0,,4950.0,
VFID66K_C0700_54,,FILA,54.0,NA,0.0,,4950.0,,4950.0,
VFI991K_C0Z42_55,,FILA,55.0,T83S1-1,0.0,,4950.0,,4950.0,
VFI991K_C07GN_55,,FILA,55.0,NA,0.0,,4950.0,,4950.0,
VFID60K_C0579_53,,FILA,53.0,T83S2-1,1.0,,4950.0,,4950.0,
VFID59K_C0300_52,,FILA,52.0,T83S2-1,0.0,,4950.0,,4950.0,
VFID67K_C0627_54,,FILA,54.0,T83S2-1,1.0,,4950.0,,4950.0,
VFIF62K_C0300_54,,FILA,54.0,T83S3-1,1.0,,4200.0,,4200.0,
VFIF62K_C0531_54,,FILA,54.0,T83S3-1,1.0,,4200.0,,4200.0,
VFID68K_C0622_53,,FILA,53.0,T83S3-1,1.0,,4950.0,,4950.0,
RENOWII,,,,"BOX-11,CT12-1",12.0,,300.0,,300.0,
GRAN COSA,,,,"BOX-14,CT9-1",15.0,,350.0,,350.0,
ESCAPE TURBO,,,,"BOX-68,CT9-2",70.0,,600.0,,600.0,
URBAN STYLE,,,,"BOX-12,CT9-2",14.0,,550.0,,550.0,
ESCAPE METALICA METAL,,,,"BOX-26,CT5-2",28.0,,600.0,,600.0,
