product_code,lens_width,brands,location,type,comments,mrp,cost_price,sale_price_s,sale_price_a,stock
RB2132_622_58,,,A1,,,7090.0,,,,2
RB2132_710_58,,,A1,,,7690.0,,,,0
RB2140_1187_50,,,A1,,,7490.0,,,,0
RB2180_616587_49,,,A1,,,7490.0,,,,0
RB3025_00133_58,,,A1,,,8290.0,,,,1
RB3025_0013E_58,,,A1,,,8890.0,,,,0
RB3025_0013F_58,,,A1,,,8890.0,,,,1
RB3025_0014F_58,,,A1,,,8190.0,,,,0
RB3025_0013K_58,,,A1,,,8890.0,,,,0
RB3025_00151_58,,,A2,,,8890.0,,,,1
RB3025_00151_62,,,A2,,,8890.0,,,,0
RB3025_00158_55,,,A2,,,9890.0,,,,0
RB3025_00158_58,,,A2,,,8190.0,,,,0
RB3025_00232_55,,,A2,,,5990.0,,,,0
RB3025_0023F_58,,,A2,,,5990.0,,,,-2
RB3025_00251_58,,,A2,,,6990.0,,,,3
RB3025_003_58,,,A1,,,5990.0,,,,-1
RB3025_0033F_55,,,A2,,,6990.0,,,,-1
RB3025_0033F_58,,,A2,,,9490.0,,,,2
RB3025_00332_58,,,A2,,,8890.0,,,,3
RB3025_004_58,,,A2,,,5990.0,,,,0
RB3025_00478_58,,,A3,,,10690.0,,,,3
RB3025_00478_62,,,A3,,,10390.0,,,,0
RB3025_02930_58,,,A2,,,9490.0,,,,3
RB3025_11217_55,,,A4,,,6990.0,,,,0
RB3025_11217_62,,,A5,,,7590.0,,,,0
RB3025_11219_55,,,A3,,,7990.0,,,,0
RB3025_181_62,,,A3,,,7490.0,,,,-1
RB3025_11269_58,,,A4,,,7590.0,,,,0
RB3025_11293_58,,,A3,,,7990.0,,,,-1
RB3025_177_58,,,A3,,,7490.0,,,,1
RB3025_181_58,,,A3,,,7690.0,,,,0
RB3025_R1072_58,,,A3,,,4990.0,,,,0
RB3025_W3276_58,,,A3,,,7590.0,,,,1
RB3025_L9797_58,,,A4,,,6390.0,,,,0
RB3025_L2823_58,,,A4,,,5990.0,,,,0
RB3025_L2928_58,,,A4,,,5790.0,,,,1
RB3025_019Z2_58,,,A4,,,9490.0,,,,2
RB3029_L2112_62,,,A4,,,7690.0,,,,0
RB3029_9001A5_62,,,A4,,,8890.0,,,,0
RB3029_19771_62,,,A4,,,8190.0,,,,0
RB3387_00113_64,,,A4,,,7990.0,,,,0
RB3379_004_64,,,A4,,,6990.0,,,,0
RB3447_001_50,,,A4,,,5990.0,,,,0
RB3447_112Z2_50,,,A5,,,7990.0,,,,0
RB3471_00113_32,,,A4,,,6490.0,,,,0
RB3529_0299A_58,,,A5,,,7990.0,,,,0
RB3561_001_57,,,A4,,,8290.0,,,,2
RB4105_601S2K_50,,,A4,,,8490.0,,,,0
RB4147_71051_56,,,A4,,,7790.0,,,,1
RB4147_617187_60,,,A4,,,6990.0,,,,0
RB4147_613713_56,,,A5,,,7490.0,,,,0
RB4147_60132_60,,,A5,,,7790.0,,,,0
RB4194_60171_53,,,A6,,,4490.0,,,,0
RB4187_60155_54,,,A5,,,6990.0,,,,0
RB4175_87730_57,,,A5,,,8490.0,,,,0
RB4205_6018G_56,,,A6,,,5290.0,,,,0
RB4226_618871_56,,,A6,,,6990.0,,,,0
RB4227_60528G_55,,,A7,,,7490.0,,,,0
RB4227_619388_55,,,A5,,,7490.0,,,,0
RB4228_618588_58,,,A6,,,7990.0,,,,0
RB4251_71013_56,,,A5,,,4490.0,,,,-1
RB4251_623311_56,,,A6,,,5290.0,,,,0
RB4232_619671_57,,,A5,,,6490.0,,,,0
RB4251_6018G_56,,,A5,,,4490.0,,,,0
RB4211_601S71_56,,,A6,,,10490.0,,,,0
RB4251_6019A_56,,,A5,,,5290.0,,,,0
RB4251_71071_56,,,A6,,,4490.0,,,,-1
RB4252_71013_51,,,A6,,,5290.0,,,,0
RX6325_2841_53,,,A5,,,4290.0,,,,3
RB4252_623419_51,,,A6,,,4490.0,,,,0
RB4265_6015J_62,,,A6,,,8990.0,,,,0
RB4258_60171_50,,,A7,,,6990.0,,,,0
RB4258_71073_50,,,A6,,,6990.0,,,,0
RB4273_6019A_52,,,A6,,,9690.0,,,,0
RX6049_2502_55,,,A6,,,3390.0,,,,3
RX6049_2500_52,,,A6,,,4490.0,,,,1
RX6049_2500_55,,,A6,,,3390.0,,,,0
RX6304_2501_52,,,A6,,,4290.0,,,,0
RX6324_2500_54,,,A6,,,4290.0,,,,0
RX6325_2502_55,,,A6,,,4290.0,,,,1
RX6384_2509_52,,,A6,,,4990.0,,,,-2
RX6326_2500_54,,,A6,,,4290.0,,,,0
RX6391_2500_55,,,A6,,,5090.0,,,,0
RX7033_5624_52,,,b1,,,4790.0,,,,0
RX7033_5419_52,,,A6,,,4590.0,,,,-1
RX7027_2000_54,,,A6,,,4790.0,,,,2
RX6391_2553_55,,,A6,,,4790.0,,,,0
RB7060_6019A_54,,,A7,,,5790.0,,,,-2
RB7060_62048G_54,,,A6,,,4790.0,,,,0
RC515S_01B_62,,,B1,,,3570.0,,,,0
RC522S_01B_63,,,B1,,,3570.0,,,,0
RC583S_89Z_64,,,B1,,,3570.0,,,,0
RC788S_01B_54,,,B1,,,7200.0,,,,0
RC596S_08B_61,,,B1,,,3570.0,,,,0
TF276_74Z_59,,,B1,,,5750.0,,,,1
TF318_01B_62,,,B1,,,5750.0,,,,1
TF376_90B_58,,,B1,,,5750.0,,,,1
PR13QS_2AU6S1_54,,,A7,,,18000.0,,,,0
PS57RS_1BC0A7_59,,,A7,,,14000.0,,,,0
PR27NS_1AB3M1_55,,,A7,,,17000.0,,,,1
VE3215_617_52,,,A6,,,10000.0,,,,0
VE3226_GB1_51,,,A6,,,17500.0,,,,1
VE4313_517713_57,,,A6,,,14500.0,,,,0
VE2165_13718G_58,,,A6,,,16500.0,,,,0
VE4321_GB187_58,,,A7,,,13500.0,,,,0
VE4316_GB111_57,,,A6,,,17500.0,,,,1
VE4303_10813_58,,,A7,,,14500.0,,,,0
VE4264B_GB111_57,,,A6,,,16500.0,,,,0
VE3206_GB1_54,,,A6,,,12500.0,,,,0
VE1238_1002_54,,,A6,,,14500.0,,,,0
VE2161_100287_42,,,A6,,,17000.0,,,,0
VE4316_520088_57,,,A6,,,17500.0,,,,1
VE1231_1002_52,,,A6,,,9500.0,,,,1
VE1225B_1355_51,,,A6,,,18000.0,,,,1
VE4321_518213_58,,,A7,,,13500.0,,,,0
VE1210BM_1002_52,,,A6,,,11500.0,,,,0
DG1231_488_54,,,A6,,,14700.0,,,,0
DG2155_129313_56,,,A7,,,14500.0,,,,0
DG6087_502T5_55,,,A6,,,15500.0,,,,0
DG5115_090_50,,,A6,,,9100.0,,,,0
DG1238P_1169_54,,,A6,,,9210.0,,,,-1
FC7224_C2_63,,,B2,,,4600.0,,,,1
FC7311_C2_62,,,B2,,,4590.0,,,,1
FC7311_C4_62,,,B2,,,4590.0,,,,1
EA4063_5465T3_58,,,A8,,,10500.0,,,,0
EA3069_5473_53,,,A8,,,11900.0,,,,0
EA3073_5026_54,,,A8,,,7500.0,,,,0
EA1052_3155_53,,,A8,,,10000.0,,,,0
EA3091_5500_53,,,A8,,,8500.0,,,,0
EA3025_5017_54,,,A8,,,11900.0,,,,0
EA2034_3158E_54,,,A8,,,11500.0,,,,1
EA3091_5509_55,,,A8,,,8500.0,,,,0
EA3076_5026_52,,,A8,,,11500.0,,,,0
EA1002_3010_53,,,A8,,,11000.0,,,,0
EA3013_5026_52,,,A8,,,9500.0,,,,0
EA2039_302073_62,,,A8,,,8500.0,,,,0
EA4057_54598G_56,,,A8,,,11500.0,,,,0
EA3055_5063_53,,,A8,,,11000.0,,,,0
EA2033_313187_64,,,A8,,,10500.0,,,,1
EA1041_3131_55,,,A8,,,10500.0,,,,0
EA4079_550455_57,,,A8,,,10500.0,,,,0
EA4077_50658G_58,,,A8,,,10000.0,,,,0
EA2024_300113_58,,,A8,,,12000.0,,,,0
EA3089_5535_54,,,A8,,,9000.0,,,,0
EA1042_3128_53,,,A8,,,7500.0,,,,0
EA4037_501713_57,,,A8,,,13000.0,,,,0
EA1050_3001_55,,,A8,,,9000.0,,,,0
EA4062_54631Z_49,,,A8,,,12500.0,,,,0
EA4075_502613_57,,,A8,,,10000.0,,,,0
EA3079_5026_49,,,A8,,,8500.0,,,,0
EA4073_501711_56,,,A8,,,8500.0,,,,0
EA3063_5017_55,,,A8,,,10500.0,,,,0
EA4072_550287_52,,,A8,,,8500.0,,,,0
EA2001_3010181_64,,,A8,,,13000.0,,,,1
OO9175_17_55,,,A9,,,5990.0,,,,1
OO9096_A6_60,,,A9,,,7090.0,,,,1
OX3165_3118_53,,,A9,,,5490.0,,,,1
OO9135_25_56,,,A9,,,6690.0,,,,0
OO9315_02_55,,,A9,,,6990.0,,,,0
OO9315_03_55,,,A9,,,7790.0,,,,0
OO9156_19_71,,,A9,,,11990.0,,,,0
OO9262_04_57,,,A9,,,6690.0,,,,0
OO4054_14_60,,,A9,,,8490.0,,,,0
OO9320_04_53,,,A9,,,9990.0,,,,0
RJ9054S_18687_51,,,A9,,,2990.0,,,,0
FTPC001_BK1_M,,,A11,,,950.0,,,,0
FTPC001_BK2_M,,,A12,,,850.0,,,,0
FTPC002_BK5_M,,,A9,,,895.0,,,,1
FTPC001_BR23_M,,,A9,,,995.0,,,,1
FTPC002_BR3_M,,,A10,,,895.0,,,,0
FTPC001_BU13_M,,,A11,,,850.0,,,,0
FTPC001_GL27_M,,,A9,,,995.0,,,,0
FTR045_BR2F_M,,,A10,,,1895.0,,,,0
FTC046_BK1_M,,,A11,,,1850.0,,,,-3
FTC056_PR2F_M,,,A10,,,1995.0,,,,0
FTC066_BR2F_M,,,A10,,,1295.0,,,,1
FTC046_BR3_M,,,A11,,,1850.0,,,,0
FTC060_BK2_M,,,A10,,,2150.0,,,,0
FTC046_PR2_M,,,A10,,,1850.0,,,,1
FTC057_BR1F_M,,,A10,,,2450.0,,,,0
FTC078_BR3F_M,,,A10,,,1750.0,,,,0
FTC077_BK1_M,,,A11,,,1895.0,,,,0
FTC062_BR1F_M,,,A10,,,1895.0,,,,0
FTC078_BR2F_M,,,A10,,,1795.0,,,,0
FTM154_BR2_M,,,A11,,,1995.0,,,,0
FTM062_GR2_M,,,A11,,,2495.0,,,,0
FTM144_BR2_M,,,A11,,,2350.0,,,,0
FTM083_GY1F_M,,,A11,,,2095.0,,,,0
FTM035_GR5P_M,,,A11,,,2495.0,,,,0
FTM067_BR4_M,,,A11,,,1995.0,,,,0
FTM069_BR1_M,,,A11,,,2150.0,,,,0
FTM101_BR3P_M,,,A11,,,2350.0,,,,1
FTM035_GY1_M,,,A11,,,2150.0,,,,-1
FTM177_BK3F_M,,,A11,,,2495.0,,,,0
FTM083_PR3F_M,,,A11,,,2095.0,,,,0
FTM062_BR3_M,,,A11,,,2150.0,,,,-1
FTM035_BR6_M,,,A11,,,1950.0,,,,0
FTM083_BR2F_M,,,A11,,,2150.0,,,,0
FTM175_BR1F_M,,,A11,,,2295.0,,,,0
FTP294_BU2_M,,,A12,,,1195.0,,,,0
FTP275_BK2_M,,,A12,,,1350.0,,,,0
FTP313_BK1F_M,,,A12,,,1295.0,,,,0
FTP180_BR1F_M,,,A12,,,1395.0,,,,0
FTP313_PR2F_M,,,A12,,,1295.0,,,,0
FTP324_BK3F_M,,,A12,,,1750.0,,,,0
FTP222_GRI_M,,,A12,,,895.0,,,,0
FTP192_BR2_M,,,A11,,,995.0,,,,0
FTP040_BR2_M,,,A12,,,1295.0,,,,0
FTP309_BK1F_M,,,A12,,,1650.0,,,,0
FTP186_BR1F_M,,,A12,,,1395.0,,,,-1
FTP337_BR2F_M,,,A12,,,2450.0,,,,0
FTP218_BR2FP_M,,,A12,,,2450.0,,,,0
FTP203_BR1_M,,,A12,,,1495.0,,,,0
FTP307_BK1FP_M,,,A12,,,1950.0,,,,1
FTP218_BK1FP_M,,,A12,,,2395.0,,,,0
FTP191_PR2F_M,,,A12,,,1295.0,,,,0
FTP325_BK2F_M,,,A12,,,1495.0,,,,0
FTP201_BR2_M,,,A12,,,1495.0,,,,1
FTP186_PR2F_M,,,A12,,,1395.0,,,,0
FTP182_BK2F_M,,,A12,,,1295.0,,,,0
FTP299_BU1_M,,,A12,,,1495.0,,,,0
FTP157_BR1F_M,,,A12,,,1795.0,,,,0
FTP178_BR3FP_M,,,A12,,,1750.0,,,,0
FTP308_BR3F_M,,,A12,,,1395.0,,,,-1
FTP176_BR1FP_M,,,A12,,,1595.0,,,,0
FTP180_PR2F_M,,,A12,,,995.0,,,,0
FTP161_BK2F_M,,,A12,,,1695.0,,,,0
FTP190_BK1_M,,,A12,,,995.0,,,,0
FTP089_BR2_M,,,A12,,,950.0,,,,0
FTP335_BR1F_M,,,A10,,,1495.0,,,,0
FTP161_BR1F_M,,,A8,,,1850.0,,,,-1
FTP185_PR2F_M,,,A12,,,1195.0,,,,0
FTP150_BK3F_M,,,A12,,,1795.0,,,,0
FTP317_BK1_M,,,A12,,,1495.0,,,,0
FTP236_BK1_M,,,A12,,,1195.0,,,,0
TH5647_C6_50,,,D1,,,6725.0,,,,0
TH5643_C3_52,,,D1,,,6725.0,,,,0
TH5221_C4_51,,,D1,,,6725.0,,,,0
TH5687_C3_52,,,D1,,,7500.0,,,,0
TH5296_C1_51,,,D1,,,8160.0,,,,1
TH5604_C4_53,,,D1,,,6885.0,,,,1
TH5680_C2GD_51,,,D1,,,6885.0,,,,1
TH5690_C4_52,,,D1,,,7500.0,,,,0
TH5680_C1_51,,,D1,,,6885.0,,,,1
TH5704_C1_52,,,D1,,,6885.0,,,,0
TH5637_C2_54,,,D1,,,7500.0,,,,0
TH5240_C1_50,,,D1,,,6885.0,,,,1
TH5233_C1_51,,,D1,,,6725.0,,,,0
G163_PUALS_63,,,D1,,,2195.0,,,,0
G182_CLFLAC_60,,,D1,,,3295.0,,,,0
G209_LTML9D_55,,,D1,,,3395.0,,,,0
G246_PTMLMA_58,,,D1,,,3195.0,,,,0
G259_PTMLMB_59,,,D1,,,3195.0,,,,0
G244_PTFLTA_53,,,D1,,,2195.0,,,,0
G006_SAMSUA_66,,,D1,,,2695.0,,,,0
G192_PLMLME_,,,D1,,,1595.0,,,,0
G243_PTMLTC_54,,,D1,,,2395.0,,,,0
G225_PTALTC_58,,,D1,,,2995.0,,,,0
G256_PTMLMB_60,,,D1,,,2495.0,,,,0
G210_LTML9A_57,,,D1,,,3150.0,,,,0
G232_PTMLC_54,,,D1,,,2495.0,,,,0
G248_PTMLAB_57,,,D1,,,3795.0,,,,0
G213_LTMLMC_60,,,D1,,,3995.0,,,,0
G211_LTMLMB_60,,,D1,,,3495.0,,,,0
TH7970_C4_60,,,D1,,,8415.0,,,,0
TH7900_C4_60,,,D1,,,8415.0,,,,0
TH7945_C5_57,,,D1,,,8415.0,,,,0
TH7957_C2_60,,,D1,,,8415.0,,,,0
TH7915_C2_55,,,D1,,,8925.0,,,,0
TH7882_C6_62,,,D1,,,8400.0,,,,0
TH7906_C2_55,,,D1,,,8925.0,,,,1
TH7917_C1_60,,,D1,,,9565.0,,,,0
TH7918_C5_51,,,D1,,,8925.0,,,,0
TH7983_C4_60,,,D1,,,8415.0,,,,0
TH7969_C4_60,,,D1,,,7650.0,,,,1
TH7945_C4_57,,,D1,,,8415.0,,,,1
TH7905_C4_56,,,D1,,,8415.0,,,,-1
TH808_C1_59,,,D1,,,5610.0,,,,0
CK1217_001_60,,,D1,,,9565.0,,,,1
CK4182S_002_54,,,D1,,,9000.0,,,,1
CK2146SA_001_59,,,D1,,,9000.0,,,,0
CK2145_060_60,,,D1,,,9565.0,,,,0
CK1155_030_59,,,D1,,,6120.0,,,,0
CK1155_272_59,,,D1,,,8750.0,,,,0
CK3154_285_62,,,D1,,,9000.0,,,,-1
CK4151S_001_56,,,T,,,9000.0,,,,0
CK4256S_110_57,,,D1,,,9000.0,,,,0
CK1145S_975_59,,,D1,,,4590.0,,,,2
CK4224S_004_57,,,D1,,,9000.0,,,,0
CK1089S_028_58,,,D1,,,8750.0,,,,0
CK3143S_001_55,,,D1,,,9000.0,,,,0
CK3152_001_57,,,D1,,,5100.0,,,,0
CK4194SP_001_57,,,D1,,,9000.0,,,,1
CK4194S_004_57,,,D1,,,5100.0,,,,0
CK3161S_004_58,,,D1,,,9000.0,,,,-1
CK5387_001_53,,,D1,,,8750.0,,,,0
CK5364A_028_51,,,D1,,,5100.0,,,,1
CK5351_044_52,,,D1,,,7650.0,,,,0
CK5367_044_52,,,D1,,,7650.0,,,,0
CK5327_060_51,,,D1,,,3825.0,,,,0
CK5366A_097_52,,,D1,,,2550.0,,,,0
CK5365_046_51,,,D1,,,2550.0,,,,0
CK5327_714_51,,,D1,,,3825.0,,,,1
CK5351_060_52,,,D1,,,7650.0,,,,0
CK5350_060_54,,,D1,,,7650.0,,,,0
CK5367_403_52,,,D1,,,7650.0,,,,0
CK5350_403_54,,,D1,,,7650.0,,,,0
CK4260_196_55,,,D1,,,3600.0,,,,1
CK1209SA_001_62,,,D1,,,9000.0,,,,0
CK4261_060_55,,,D1,,,3600.0,,,,0
CK3154S_214_62,,,D1,,,9000.0,,,,0
CK1209_003_62,,,D1,,,9000.0,,,,0
CK1209A_010_62,,,D1,,,3600.0,,,,1
CK4216S_320_56,,,D1,,,9000.0,,,,-1
CK1209A_714_62,,,D1,,,3600.0,,,,0
RX6385_2502_53,,,E1,,,4990.0,,,,0
RX5337_5529_54,,,E1,,,4990.0,,,,0
RX6385_2509_51,,,E1,,,4990.0,,,,1
RX6337_2857_51,,,E1,,,5490.0,,,,1
RX6322_2503_53,,,E1,,,4790.0,,,,2
RX6385_2509_53,,,E1,,,4990.0,,,,1
RX6326_2501_54,,,E1,,,4790.0,,,,0
RX5346_5505_52,,,E1,,,5090.0,,,,0
RX5338_5536_53,,,E1,,,4990.0,,,,0
RX7027_2012_54,,,E1,,,4790.0,,,,0
RX6384_2502_54,,,E1,,,4990.0,,,,1
RX6384_2502_52,,,E1,,,4990.0,,,,0
RX6336_2857_51,,,E1,,,5490.0,,,,0
RX5338_5529_51,,,E1,,,4990.0,,,,0
RX7056_2000_53,,,E1,,,6790.0,,,,1
RX6389_2501_57,,,E1,,,3390.0,,,,0
RX7017_2000_54,,,E1,,,7290.0,,,,0
RX7033_2000_52,,,E1,,,5090.0,,,,-1
RX7028_5392_55,,,E1,,,7290.0,,,,-1
RX6386_2500_51,,,E1,,,7790.0,,,,1
RX7014_2000_54,,,E1,,,6290.0,,,,1
RX7014_5068_54,,,E1,,,5990.0,,,,0
RX6241E_2501_52,,,E1,,,5990.0,,,,1
PA7076_C04_M,,,F1,,,4750.0,,,,1
PA7085_CO2_M,,,F1,,,3875.0,,,,1
PA7037_C03_M,,,F1,,,2375.0,,,,1
PA7093_CO3_60,,,F1,,,2950.0,,,,2
PA7104_C01_M,,,F1,,,3350.0,,,,1
PA7092_C03_61,,,F1,,,2950.0,,,,1
PA7086_CO2_M,,,F1,,,3750.0,,,,1
PA7095_C03_M,,,F1,,,3500.0,,,,1
PA7091_CO2_M,,,F1,,,3500.0,,,,1
PA7100_C01_M,,,F1,,,2950.0,,,,1
SC1885_C3_59,,,F1,,,1800.0,,,,3
SC2843_C1_61,,,F1,,,1800.0,,,,3
SC2844_C2_60,,,F1,,,1800.0,,,,1
PR4096_CO3,,,F1,,,2250.0,,,,1
VO2770S_W4411_56,,,G1,,,4590.0,,,,0
VO2778_W4487_58,,,G1,,,4590.0,,,,1
VO2729S_W65613_57,,,G1,,,4690.0,,,,0
VO2795S_W65613_53,,,G1,,,3790.0,,,,-1
VO2894SB_W4411_56,,,G2,,,6490.0,,,,-2
VO2819S_W4411_58,,,G1,,,5990.0,,,,0
VO2894SB_191613_56,,,G1,,,6690.0,,,,-3
VO2870S_235913_52,,,G3,,,5990.0,,,,2
VO2843S_W65613_53,,,G2,,,4990.0,,,,1
VO2870S_235811_52,,,G2,,,4290.0,,,,1
VO2843S_227913_56,,,G2,,,4590.0,,,,0
VO2871S_W4411_56,,,G2,,,4990.0,,,,0
VO2915S_W4411_53,,,G1,,,4290.0,,,,0
VO2915_228713_53,,,G2,,,4590.0,,,,1
VO2915S_22618H_53,,,G2,,,4290.0,,,,1
VO2915S_226214_53,,,G1,,,4290.0,,,,0
VO2915B_W4411_53,,,G3,,,4990.0,,,,2
VO2959_230213_54,,,G3,,,4290.0,,,,-2
VO2940SM_229648_58,,,G2,,,5290.0,,,,-1
VO2940_W4471_58,,,G3,,,4790.0,,,,-1
VO2943SB_201148_56,,,G3,,,4990.0,,,,1
VO2941S_227913_56,,,G3,,,4990.0,,,,-1
VO2993S_W65613_57,,,G4,,,5490.0,,,,-1
VO2993S_W4411_57,,,G4,,,5490.0,,,,3
VO2778_W65613_58,,,G1,,,6190.0,,,,0
VO2941S_W65613_56,,,G4,,,5090.0,,,,0
VO2916SB_W4411_58,,,G4,,,4990.0,,,,1
VO3972S_89768_58,,,G4,,,4590.0,,,,-1
VO3950SD_323S11_58,,,G4,,,3290.0,,,,2
VO4010S_3235R_54,,,F2,,,4590.0,,,,1
VO5007B_W4411_57,,,F2,,,3490.0,,,,1
VO5008S_236214_57,,,F2,,,3490.0,,,,3
VO5118S_W65613_57,,,G2,,,3990.0,,,,1
VO5118S_W4411_57,,,f1,,,3990.0,,,,6
VO5118S_247214_57,,,F2,,,3990.0,,,,2
VO3982SB_84813_58,,,G4,,,5990.0,,,,3
VO3991S_81314_58,,,G4,,,3490.0,,,,1
VO2896S_22258F_54,,,G3,,,4990.0,,,,0
VO2606S_228668_52,,,G1,,,5290.0,,,,0
VO2789B_W656_52,,,F1,,,4290.0,,,,0
VO2787_W44_51,,,H1,,,3990.0,,,,0
VO2787_2406_53,,,H1,,,4590.0,,,,0
VO2763_2279_53,,,H1,,,4590.0,,,,0
VO2866_W44_55,,,H1,,,4990.0,,,,1
VO2886_W44_53,,,H1,,,4990.0,,,,0
VO2899_W44_51,,,H1,,,3790.0,,,,0
VO2906_W44_52,,,H2,,,3790.0,,,,-2
VO2906_2249_52,,,IT,,,3790.0,,,,-2
VO2906_2249_53,,,F1,,,3790.0,,,,4
VO2908_2257_51,,,H2,,,4290.0,,,,0
VO2909_W44_54,,,H2,,,4590.0,,,,0
VO2937_W44_51,,,H2,,,4990.0,,,,-1
VO2950_2048_51,,,H2,,,3790.0,,,,1
VO2925_W827_53,,,H2,,,3490.0,,,,1
VO2950_2048_53,,,F2,,,3490.0,,,,2
VO2816_W745_52,,,H1,,,4290.0,,,,0
VO2816_2182_52,,,H1,,,4290.0,,,,0
VO3763_352_52,,,H2,,,3990.0,,,,0
VO3843_813_50,,,H2,,,3090.0,,,,0
VO3843_756_50,,,H2,,,3090.0,,,,1
VO3845B_548_50,,,H2,,,3990.0,,,,1
VO3838_352S_53,,,H2,,,3290.0,,,,0
VO3893_280_52,,,H2,,,3290.0,,,,1
VO3955B_352_51,,,H3,,,3290.0,,,,9
VO3980_352S_52,,,H3,,,3790.0,,,,2
VO3980_323S_54,,,H3,,,3790.0,,,,2
VO4003_352S_54,,,H3,,,3490.0,,,,2
VO4015B_5009_51,,,H3,,,5590.0,,,,1
VO4015B_352_53,,,H3,,,5590.0,,,,0
VO4016B_848_53,,,H3,,,3890.0,,,,5
VO4037_280_52,,,H3,,,3790.0,,,,-1
VO4037_352_52,,,H3,,,3790.0,,,,-1
VO4038_548_54,,,H3,,,3790.0,,,,1
VO4038_5033_54,,,H3,,,3790.0,,,,-1
VO3991S_8978H_58,,,F3,,,3990.0,,,,1
VO5120_W656_52,,,F3,,,3390.0,,,,-1
VO5094B_2465_52,,,F3,,,6090.0,,,,0
VO2993SW_65613_57,,,F3,,,5290.0,,,,1
VO2941SW_4411_56,,,F3,,,4790.0,,,,1
VO3894_916_53,,,F3,,,3490.0,,,,0
VO2896S_W4411_54,,,F3,,,4790.0,,,,0
VO2993S_1880T33_57,,,F3,,,6690.0,,,,1
VO5153_2593_51,,,F3,,,5690.0,,,,1
VO2491S_25355R_56,,,F3,,,4790.0,,,,1
ID965_C3_50,,,IT,,,1800.0,,,,0
ID738_C2_54,,,IT,,,1800.0,,,,-1
ID737_C4_52,,,T,,,1800.0,,,,0
ID734_C3_50,,,T,,,1800.0,,,,0
ID736_C4_53,,,IT,,,1900.0,,,,0
ID829_C4_51,,,IT,,,1900.0,,,,0
ID911_C2_52,,,IT,,,1900.0,,,,0
ID706_C4_52,,,IT,,,1900.0,,,,0
ID1000_C4_52,,,TB,,,1800.0,,,,0
ID973_C2_51,,,IT,,,1800.0,,,,0
ID884_C3_51,,,IT,,,1800.0,,,,0
ID997_C2_52,,,IT,,,1800.0,,,,0
ID915_C3_52,,,IT,,,1800.0,,,,0
ID916_C3_53,,,IT,,,1800.0,,,,0
ID739_C3_55,,,TB,,,1800.0,,,,0
ID906_C4_50,,,IT,,,1800.0,,,,0
ID721_C2_52,,,T,,,1800.0,,,,0
ID892_C1_52,,,IT,,,1800.0,,,,0
ID1002_C2_52,,,TB,,,1800.0,,,,0
ID733_C4_52,,,T,,,1800.0,,,,0
ID1047_C3_51,,,IT,,,1800.0,,,,0
ID1027_C4_53,,,IT,,,1800.0,,,,1
ID941_C1_51,,,IT,,,1800.0,,,,0
ID908_C2_50,,,IT,,,1800.0,,,,0
ID1191_C3_52,,,IT,,,1800.0,,,,1
ID780_C4_58,,,IT,,,1800.0,,,,1
ID952-C2_53,,,IT,,,1800.0,,,,1
ID890_C3_51,,,IT,,,1800.0,,,,0
ID827_C1_53,,,IT,,,1800.0,,,,0
ID1047_C4_51,,,IT,,,1800.0,,,,1
ID856_C1_51,,,IT,,,1800.0,,,,1
ID1047_C2_51,,,T,,,1800.0,,,,0
ID1160_C3_51,,,IT,,,1800.0,,,,1
ID698_C1_M,,,IT,,,1800.0,,,,1
ID1142_C2_52,,,IT,,,1800.0,,,,0
ID730_C1_53,,,IT,,,1800.0,,,,1
ID997_C3_52,,,IT,,,1800.0,,,,0
ID1001_C1_M,,,IT,,,1800.0,,,,1
ID1147_C4_M,,,IT,,,1800.0,,,,1
ID1135_C4_M,,,IT,,,1800.0,,,,1
ID1142_C5_52,,,IT,,,1800.0,,,,0
ID1207_C3_53,,,IT,,,1800.0,,,,0
ID842_C1_52,,,IT,,,1800.0,,,,1
ID1027_C2_53,,,IT,,,1800.0,,,,1
ID857_C1_53,,,IT,,,1800.0,,,,0
ID886_C3_51,,,IT,,,1800.0,,,,0
ID1027_C3_53,,,IT,,,1800.0,,,,0
ID949_C1_52,,,ITB,,,1800.0,,,,0
ID874_C3_52,,,IT,,,1800.0,,,,0
ID893_C3_52,,,IT,,,1800.0,,,,0
ID907_C2_51,,,IT,,,1800.0,,,,0
ID950_C4_M,,,IT,,,1800.0,,,,0
ID735_C2_52,,,IT,,,1800.0,,,,1
ID1157_C2_52,,,IT,,,1800.0,,,,1
ID706_C3_52,,,IT,,,1800.0,,,,-1
ID1002_C3_52,,,TB,,,1800.0,,,,0
ID1038_C4_51,,,T,,,1800.0,,,,0
ID722_C3_52,,,TB,,,1800.0,,,,0
ID1038_C1_51,,,IT,,,1800.0,,,,0
ID1153_C4_52,,,IT,,,1800.0,,,,0
ID740_C2_54,,,IT,,,1800.0,,,,0
ID996_C3_51,,,IT,,,1800.0,,,,0
ID961_C2_51,,,IT,,,1800.0,,,,1
ID911_C3_52,,,IT,,,1800.0,,,,1
ID940_C2_52,,,TB,,,1800.0,,,,1
ID869_C2_52,,,IT,,,1800.0,,,,-1
ID1047_C1_51,,,IT,,,1800.0,,,,0
ID1203_C4_52,,,T,,,1800.0,,,,0
ID1030_C1_53,,,IT,,,1800.0,,,,0
ID925_C3_51,,,IT,,,1800.0,,,,0
ID1159_C1_53,,,IT,,,1800.0,,,,0
IM2327_C1_57,,,IT,,,2150.0,,,,0
IM2338_C3_52,,,IT,,,2150.0,,,,1
IM2328_C1-52,,,IT,,,2150.0,,,,1
IM2356_C1_52,,,IT,,,3000.0,,,,1
IM2357_C1_50,,,IT,,,3000.0,,,,1
IM2357_C2_50,,,IT,,,3000.0,,,,1
IM2358_C2_53,,,IT,,,3000.0,,,,1
IM2333_C1_52,,,IT,,,3000.0,,,,1
IM2333_C3_53,,,IT,,,3000.0,,,,1
IM2351_C3-52,,,IT,,,3000.0,,,,1
ID698_C5_53,,,IT,,,1800.0,,,,0
ID1144_C2_53,,,IT,,,1800.0,,,,0
ID735_C1_52,,,IT,,,1800.0,,,,0
ID916_C1_53,,,IT,,,1800.0,,,,1
ID738_C3_54,,,TB,,,1800.0,,,,1
ID1159-C3_53,,,IT,,,1800.0,,,,1
SC4732_C2_54,,,IT,,,994.0,,,,1
SC748_C561_51,,,IB,,,1800.0,,,,1
SC4746_C2_54,,,IB,,,1800.0,,,,1
SC905_C2_54,,,IB,,,1800.0,,,,0
SC4632_C2_49,,,IB,,,1800.0,,,,1
SC4750_C1_52,,,IB,,,1800.0,,,,1
SC4750_C1_51,,,IB,,,1800.0,,,,1
SC4740_C1_51,,,T,,,1800.0,,,,0
SC722_C543_52,,,TB,,,1800.0,,,,1
SC4732_C1_54,,,TB,,,1800.0,,,,1
SC748_C589_51,,,TB,,,1800.0,,,,1
SC4715_C2-52,,,TB,,,1800.0,,,,1
SC4616_C3_51,,,TB,,,1800.0,,,,4
SC736_C536_51,,,TB,,,1800.0,,,,1
SC4614_C4_51,,,TB,,,1800.0,,,,3
SC4731_C3_53,,,TB,,,1800.0,,,,0
PA7069_CO3_M,,,J1,,,2375.0,,,,0
PA7093_CO1_60,,,J1,,,2950.0,,,,2
PR4063_C02_60,,,J1,,,3250.0,,,,1
PA7037_C01_M,,,J1,,,2375.0,,,,1
PR4096_C01_M,,,J1,,,2250.0,,,,1
PA7092_C02_M,,,J1,,,2950.0,,,,1
IDS1821_C3_M,,,B,,,2800.0,,,,0
IDS1754_C02_M,,,J1,,,2800.0,,,,1
IDS1700_C31_M,,,J1,,,2800.0,,,,0
IDS1765_C1_M,,,J1,,,2800.0,,,,0
IDS1821_C1_60,,,B,,,2800.0,,,,0
IDS1655_COL2_F,,,JI,,,2800.0,,,,0
IDS1602_C1_55,,,J1,,,2800.0,,,,0
PR4063_C01_M,,,J1,,,3250.0,,,,1
PA7099_C01_M,,,J1,,,3250.0,,,,1
PA7099_C03_M,,,J1,,,2950.0,,,,1
PA7069_C01_M,,,J1,,,2375.0,,,,1
PA7106_CO3_M,,,J1,,,3350.0,,,,1
PA7089_CO3_58,,,J1,,,2950.0,,,,1
PA7097_CO2_M,,,J1,,,2950.0,,,,1
PA7072_C03_54,,,J1,,,2950.0,,,,1
PA7093_C01_M,,,J1,,,2950.0,,,,1
PA7058_C03_M,,,J1,,,3375.0,,,,1
ID1500_C1_50,,,,,,2000.0,,,,0
ID1525_C1_55,,,ITS,,,2250.0,,,,0
ID1499_C7_53,,,ITS,,,2450.0,,,,1
ID1499_C2_53,,,ITS,,,2000.0,,,,-1
ID1500_C5_50,,,ITS,,,2450.0,,,,1
ID1529_C2_54,,,ITS,,,1980.0,,,,1
ID1405_C2_48,,,TB,,,2000.0,,,,0
ID1528_C1_51,,,ITS,,,2250.0,,,,0
ID1525_C2_55,,,ITS,,,2250.0,,,,1
ID1523)C4_52,,,ITS,,,2380.0,,,,1
ID1521_C1_51,,,TB,,,2250.0,,,,1
ID1507_C3_48,,,ITS,,,2000.0,,,,0
ID1518_C3_53,,,ITS,,,2200.0,,,,0
ID1527_C3_52,,,ITS,,,1980.0,,,,1
ID1532_C1_53,,,ITS,,,1980.0,,,,1
ID1506_C2_51,,,ITS,,,2000.0,,,,0
ID1507_C1_48,,,ITS,,,2000.0,,,,1
ID1518_C2_49,,,ITS,,,1980.0,,,,1
ID1502_C2_49,,,ITS,,,1950.0,,,,1
ID1482_C1_51,,,ITS,,,2000.0,,,,-1
ID1499_C3_53,,,ITS,,,2000.0,,,,0
ID1430_C1_52,,,ITS,,,2000.0,,,,0
ID1430_C3_52,,,ITS,,,1990.0,,,,1
ID1033_C4_51,,,ITS,,,1800.0,,,,1
OP3024_C2_53,,,ITS,,,2250.0,,,,1
OP3023_C5_51,,,ITS,,,2250.0,,,,1
OP3023_C1_51,,,ITS,,,2250.0,,,,2
OP3023_C04_51,,,ITS,,,2250.0,,,,1
OP3023_C2_51,,,ITS,,,2250.0,,,,2
OP3024_C01_51,,,ITS,,,2250.0,,,,0
OP3025_C2_53,,,ITS,,,2250.0,,,,1
OP3026_C1_53,,,ITS,,,2250.0,,,,1
OP3026_C2_53,,,ITS,,,2250.0,,,,1
IMAGE2348_C1_49,,,ITS,,,2150.0,,,,1
image277_c3_M,,,J1,,,3200.0,,,,1
IDS1700_C5_M,,,J1,,,2250.0,,,,0
Image7000_C2_M,,,J1,,,3200.0,,,,1
PA7102_C01_M,,,J1,,,3350.0,,,,0
ID674_C1_55,,,IT,,,1800.0,,,,2
ID1038_C6_51,,,ITS,,,1800.0,,,,0
ID871_C3_50,,,IT,,,1800.0,,,,0
ID954_C2_51,,,IT,,,1800.0,,,,0
ID709_C1_50,,,IT,,,1800.0,,,,1
ID888_C1_52,,,IT,,,1800.0,,,,0
ID980_C1_50,,,IT,,,1800.0,,,,0
ID950_C2_51,,,IT,,,1800.0,,,,0
ID1001_C2_54,,,IT,,,1800.0,,,,0
ID745_C1_54,,,IT,,,1800.0,,,,0
ID878_C1_52,,,IT,,,2100.0,,,,1
ID909_C3_51,,,IT,,,1800.0,,,,0
ID1200_C5_53,,,IT,,,1800.0,,,,0
IM2311_C2_60,,,IT,,,2150.0,,,,1
OP3026_C7_53,,,IT,,,2250.0,,,,1
ID950_C1_51,,,IT,,,1800.0,,,,1
VO2767_1947_50,,,f1,,,3990.0,,,,0
VO2899_W65613_54,,,f1,,,0.0,,,,1
VO2915S_231148_53,,,f1,,,4590.0,,,,0
VO4013_352_51,,,F1,,,5290.0,,,,0
VO3691B_756_50,,,F1,,,6090.0,,,,0
SL234T_C3_51,,,T,,,1800.0,,,,2
SL2304T_C2_51,,,ITB,,,3800.0,,,,1
SL2305T_C3_51,,,ITB,,,5725.0,,,,0
SL55110_C3_52,,,ITB,,,1800.0,,,,0
SL55102_C4_51,,,ITB,,,1800.0,,,,0
SL55112_C1_53,,,ITB,,,2000.0,,,,1
SL55090_C2_52,,,ITB,,,1800.0,,,,0
DJ2001_C11_50,,,J3,,,1000.0,,,,1
DJ15T156_C1_53,,,J3,,,900.0,,,,1
DJ2004_C2_50,,,J3,,,1000.0,,,,1
DJ3683_140_53,,,J3,,,2500.0,,,,1
DJ15T128_C2_52,,,J3,,,800.0,,,,1
DJ15T158_C1_53,,,J3,,,800.0,,,,1
DJ2003_C19_51,,,J3,,,1000.0,,,,1
DJ9068_C1_53,,,J3,,,2500.0,,,,1
DJ2037C_92E_49,,,J3,,,1000.0,,,,1
DJ1057_C6_48,,,J3,,,800.0,,,,1
DJ9069_C4_52,,,J3,,,2500.0,,,,1
DJ1098_C5_49,,,J3,,,2500.0,,,,1
DJ9068_C2_53,,,J3,,,2500.0,,,,1
DJ2111_C4_52,,,J3,,,1800.0,,,,2
DJ15T126_C3_54,,,J4,,,800.0,,,,2
DJ18632_C2_51,,,J3,,,1200.0,,,,1
DJ9043_C4_50,,,J3,,,2500.0,,,,1
DJ301_52,,,J3,,,1400.0,,,,1
DJ2012_C8_53,,,J3,,,800.0,,,,1
DJ3107_C4_54,,,J3,,,1400.0,,,,1
DJ2026_C41_53,,,J3,,,1000.0,,,,1
DJ2010-C47_53,,,J3,,,1000.0,,,,1
DJ15T156_C5_53,,,J4,,,800.0,,,,1
DJ2003_C13_51,,,J4,,,800.0,,,,1
DJ2012_C32_53,,,J4,,,1000.0,,,,1
DJ6671_C7_54,,,J4,,,2500.0,,,,1
DJ15T158_C5_53,,,J4,,,900.0,,,,1
DJ15T162_C3_52,,,J4,,,900.0,,,,1
DJ3146_C1_50,,,J4,,,1500.0,,,,1
DJ2346_52,,,J4,,,1000.0,,,,1
DJ2039_C287_52,,,J4,,,1000.0,,,,1
DJ9058_C3_53,,,J4,,,3500.0,,,,1
DJ2036_C12_48,,,J4,,,1000.0,,,,1
DJ0301_GUN_55,,,J4,,,1750.0,,,,1
DJ502_IT_53,,,J4,,,1250.0,,,,1
DJ3568_53,,,J4,,,2000.0,,,,1
DJ2010_C6_51,,,J4,,,900.0,,,,1
DJ8783_C6_52,,,J4,,,1200.0,,,,1
DJ16T143_C1_53,,,J4,,,900.0,,,,1
DJ8235_130_53,,,J4,,,1600.0,,,,1
DJ16T150_C2_51,,,J4,,,900.0,,,,1
DJ2025_C53_54,,,J4,,,1800.0,,,,0
DJ2001_C2_55,,,J4,,,1800.0,,,,0
FTP199_GR1_M,,,A12,,,1495.0,,,,0
SHEET FRAMES 2,,,T,,,500.0,,,,52
METAL FRAME 1,,,T,,,300.0,,,,-216
METAL FRAME 2,,,T,,,400.0,,,,-37
FTP161_BR2F_M,,,A12,,,1695.0,,,,-1
BABY FRAMES SHEET,,,T,,,300.0,,,,19
METAL FRAME NEW,,,T,,,300.0,,,,77
ID 1527_C3_52,,,ITS,,,1980.0,,,,-1
SHEET FRAMES 1,,,T,,,300.0,,,,36
DJ 3107_C4_54,,,ITS,,,1400.0,,,,-1
FTP220_BR2F_M,,,A12,,,1795.0,,,,0
IL9845_C2_48,,,B,,,2100.0,,,,1
IS6353_C3_48,,,B,,,2100.0,,,,1
IS6351_C2_52,,,B,,,2100.0,,,,1
Walnut Fab,,,B,,,2100.0,,,,10
Walnut Pro,,,T,,,2100.0,,,,20
Walnut +,,,b,,,1800.0,,,,4
SHEET FRAMES 3,,,T,,,500.0,,,,19
BRAND SUPRA,,,T,,,1000.0,,,,66
SC909_C2_52,,,TB,,,1800.0,,,,-1
ID1534_C2_50,,,B,,,2160.0,,,,0
ID1542_C3_53,,,B,,,1950.0,,,,0
ID1543 _C3_54,,,B,,,2370.0,,,,1
ID1545_C4_54,,,B,,,1950.0,,,,1
ID1545_C6_54,,,B,,,2590.0,,,,2
ID1549_C1_53,,,B,,,2590.0,,,,0
ID1536_C1_51,,,B,,,2160.0,,,,0
ID1536_C3_51,,,B,,,2160.0,,,,0
ID1535_C7_51,,,B,,,2160.0,,,,0
ID1543_C1_54,,,B,,,2370.0,,,,1
ID 1546_C3_52,,,B,,,2590.0,,,,1
ID1535_C2_51,,,B,,,2160.0,,,,0
CK4195S_001_57,,,D1,,,9000.0,,,,0
RB3025_00332_55,,,A3,,,6990.0,,,,-2
FLING,,,T,,,650.0,,,,16
METAL FRAMES 1,,,T,,,250.0,,,,-11
FTM102_BK2_M,,,A11,,,2150.0,,,,0
TH7869_C2_60,,,D1,,,7690.0,,,,0
OX8034_11_53,,,A9,,,11990.0,,,,0
PA7069_CO2_M,,,J1,,,2375.0,,,,0
TH7900_C1_60,,,D1,,,8415.0,,,,0
RAYBAN TYPE,,,T,,,400.0,,,,-27
RB4251_623311_58,,,A6,,,4490.0,,,,-1
METAL FRAME 3,,,T,,,500.0,,,,-13
OO9223_15_55,,,A9,,,10990.0,,,,0
TH7871_C1_60,,,D1,,,6725.0,,,,0
RB3025_R0202_58,,,A4,,,6490.0,,,,0
ID1157_C3_52,,,TB,,,1800.0,,,,-1
DJ2347_C3_52,,,,,,1000.0,,,,-1
PG CR.,,,T,,,400.0,,,,-24
CR KT,,,T,,,400.0,,,,-46
NV,,,B,,,300.0,,,,-5
FT_P301BR2_M,,,A8,,,0.0,,,,-1
PR7069_C02_M,,,,,,2375.0,,,,1
CR HC.,,,T,,,300.0,,,,-217
ARC,,,T,,,500.0,,,,932
DJ1089_C2_52,,,TB,,,1600.0,,,,0
ID1531_C3_54,,,TB,,,1800.0,,,,0
VO2925_W44_51,,,,,,3290.0,,,,-1
VE3243_5117_53,,,A7,,,13000.0,,,,1
VE3252_GB1_54,,,A7,,,13500.0,,,,1
VE3253_GB1_53,,,A7,,,12000.0,,,,1
FTC084_PK2F_M,,,,,,0.0,,,,-1
Disney,,,,,,1000.0,,,,-2
AR8011_502613_53,,,A7,,,14820.0,,,,1
DJ084_C4_52,,,T,,,1800.0,,,,1
DJ1059_C4_50,,,T,,,1800.0,,,,1
DJ1305_C1_51,,,,,,1800.0,,,,1
DJ1306_C3_51,,,,,,1800.0,,,,1
DJ15T128_C2_51,,,,,,1800.0,,,,1
DJ15T162_C2_52,,,,,,1800.0,,,,1
DJ15T163_C5_54,,,,,,1800.0,,,,1
DJ16T149_C1_53,,,,,,1800.0,,,,1
DJ16T149_C2_53,,,,,,1800.0,,,,1
DJ16T150_C3_51,,,,,,1800.0,,,,1
DJ1902_C6_54,,,,,,1800.0,,,,1
DJ2002_C4_55,,,,,,1800.0,,,,1
DJ2010_C47_53,,,,,,1800.0,,,,1
DJ2010_C48_53,,,,,,1800.0,,,,0
DJ2025_C129_54,,,T,,,1800.0,,,,0
DJ21007_C2_52,,,,,,1800.0,,,,1
DJ2347_C4_52,,,,,,1800.0,,,,1
DJ2347_C5_52,,,,,,1800.0,,,,2
DJ3132_CO3_52,,,,,,1800.0,,,,1
DJ3134_C1_51,,,,,,1800.0,,,,2
DJ501_135_50,,,,,,1800.0,,,,1
DJ502_138_53,,,,,,1800.0,,,,2
DJ503_135_49,,,,,,1800.0,,,,1
DJ8235_OP_53,,,,,,1800.0,,,,1
DJ9027_C4_54,,,,,,1800.0,,,,1
PAGE 4,,,T,,,800.0,,,,23
BRATS & DOLLS,,,,,,1000.0,,,,30
RB D FRAME,,,T,,,1000.0,,,,-2
MAC STALLIN,,,T,,,1500.0,,,,8
THREE PIECE,,,T,,,400.0,,,,11
AZETA SHEET,,,T,,,1200.0,,,,12
DJ15T162_C1_52,,,T,,,1600.0,,,,0
DJ1832_C1_51,,,,,,1600.0,,,,1
DJ2037_C243_48,,,T,,,1600.0,,,,1
DJ2037_C92_49,,,T,,,1600.0,,,,2
DJ2003_C17_51,,,,,,1600.0,,,,1
DJ9058_C3_51,,,,,,1600.0,,,,1
DJ9059_C5_51,,,,,,1600.0,,,,0
DJ2001_C11_53,,,,,,1600.0,,,,1
DJ3568_C_53,,,,,,1600.0,,,,1
DJ5901_31_48,,,,,,1600.0,,,,1
DJ1099_C1_52,,,,,,1600.0,,,,1
DJ1086_C1_54,,,,,,1600.0,,,,0
DJ3683_53_M,,,,,,1600.0,,,,1
DJ3177_C1_52,,,,,,1600.0,,,,0
DJ2039_C281_52,,,,,,1600.0,,,,1
DJ3132_C3_52,,,,,,1600.0,,,,1
DJ3122_C_49,,,,,,1600.0,,,,1
DJ2024_C99_53,,,,,,1600.0,,,,1
DJ1098_C6_49,,,,,,1600.0,,,,1
DJ21007_C4_52,,,,,,1600.0,,,,1
ID1518_C2_53,,,,,,2250.0,,,,0
ID1727_C3_52,,,,,,2000.0,,,,1
ID1523_C4_52,,,,,,2250.0,,,,0
CK4223S_001_52,,,,,,9000.0,,,,0
CK5365A_001_51,,,,,,0.0,,,,1
ID1147_C4_52,,,,,,1800.0,,,,1
ID1152_C1_54,,,,,,1800.0,,,,0
ID1156_C2_53,,,,,,1800.0,,,,0
ID1191_C2_52,,,TB,,,1800.0,,,,0
ID1203_C2_52,,,TB,,,1800.0,,,,0
ID698_C1_53,,,TB,,,1800.0,,,,0
ID735_C3_52,,,TB,,,1800.0,,,,1
ID946_C3_51,,,,,,1800.0,,,,1
ID950_C4_51,,,TB,,,1800.0,,,,1
IZ105P_0313_COL1,,,B,,,2500.0,,,,1
IZ233_0114_COL2,,,B,,,0.0,,,,1
IZ233_0114-COL3,,,B,,,0.0,,,,1
IZ258_0114_COL3,,,B,,,2500.0,,,,0
IZ278_0314-COL2,,,B,,,2500.0,,,,1
IZ281_0314_COL1,,,B,,,2500.0,,,,2
IZ303_0414-COL2,,,,,,2500.0,,,,1
IZ398_1214_COL1,,,,,,2500.0,,,,1
IZ398_1214_COL3,,,,,,2500.0,,,,1
IZ485_0415_COL2,,,,,,2500.0,,,,1
IZ500_09_52,,,,,,2500.0,,,,1
IZ508_0915_COL1,,,,,,2500.0,,,,1
IZ508_0915_COL2,,,,,,2500.0,,,,1
IZ518_915_COL 3,,,,,,2500.0,,,,1
IZ523_09_50,,,,,,2500.0,,,,1
IZ523_09_52,,,,,,2500.0,,,,1
IZ525_09_52,,,,,,2500.0,,,,3
IZ588_12_50,,,,,,3625.0,,,,1
IZ607_00168_58,,,,,,2500.0,,,,1
IZDRIVING_3_COL2,,,,,,1950.0,,,,1
KX7091_2197_52,,,,,,2590.0,,,,0
KX7646_1001_51,,,,,,2930.0,,,,0
KX7109_2019_50,,,,,,2700.0,,,,0
KX7666_1032_53,,,,,,2450.0,,,,0
KX7646_1010_49,,,,,,2590.0,,,,0
KX7674_1096S_50,,,,,,3050.0,,,,0
OX1131_04_52,,,A9,,,8790.0,,,,0
OX1131_06_52,,,A9,,,8790.0,,,,0
ID1500_C7_50,,,,,,1800.0,,,,1
ID1367_C4_50,,,,,,2000.0,,,,0
ID974_C1_55,,,,,,1800.0,,,,1
ID1139_C4_53,,,,,,1800.0,,,,1
TH7920_C1_56,,,,,,8925.0,,,,0
VO5148_W656_53,,,,,,3790.0,,,,-1
VO5148_2539_53,,,,,,3690.0,,,,2
VO5145_W656_53,,,,,,3790.0,,,,1
PR4063_C03_60,,,,,,3250.0,,,,1
RB2132_902_58,,,A1,,,7690.0,,,,0
RB3025_0013E_55,,,A2,,,8890.0,,,,1
RB3025_0014F_55,,,A2,,,5990.0,,,,0
RB3025_00151_55,,,A2,,,8890.0,,,,5
RB3025_0024W_62,,,A3,,,9490.0,,,,1
RB3025_1124D_58,,,A3,,,11490.0,,,,-1
RB3025_1674K_55,,,A3,,,9490.0,,,,1
RB3025_L0205_58,,,,,,6390.0,,,,-1
RB3025JM_1684E_55,,,,,,8790.0,,,,0
RB3025JM_169_55,,,,,,8490.0,,,,1
RB3025JM_171_55,,,,,,8490.0,,,,0
RB3025JM_172_55,,,,,,8490.0,,,,2
RB3026_00368_62,,,,,,0.0,,,,1
RB3379_01457_64,,,,,,9290.0,,,,1
RB3411_001_60,,,,,,4790.0,,,,0
RB3447_00190_50,,,,,,9390.0,,,,1
RB3498_00413_61,,,,,,6290.0,,,,0
RB3509_00113_63,,,,,,9490.0,,,,1
RB3524_02971_57,,,,,,6490.0,,,,0
RB3524_0299A_57,,,,,,7990.0,,,,0
RB3526_0198G_63,,,,,,7690.0,,,,0
RB3528_02988_58,,,,,,8190.0,,,,0
RB3528_19071_58,,,,,,7490.0,,,,0
RB3529_02988_58,,,,,,0.0,,,,0
RB3530_00488_58,,,,,,7990.0,,,,1
RB4105_90257_50,,,,,,0.0,,,,1
RB4147_609585_60,,,,,,8290.0,,,,1
RB4188_6019A_63,,,,,,7290.0,,,,0
RB4191_610813_57,,,,,,7990.0,,,,1
RB4199_60171_61,,,,,,6290.0,,,,0
RB4210_1546Q_54,,,,,,0.0,,,,1
RB4201_62255_59,,,,,,6490.0,,,,0
RB4210_612213_50,,,,,,10990.0,,,,0
RB4214_60171_59,,,,,,8490.0,,,,0
RB4216_601S71_56,,,,,,6990.0,,,,0
RB4257_60171_50,,,A7,,,7490.0,,,,0
RB8041_001_58,,,,,,9490.0,,,,1
RB8041_086_58,,,,,,8590.0,,,,0
RX6325_2730_53,,,,,,4290.0,,,,1
RX7098_2012_50,,,,,,7290.0,,,,0
SC1863_C1_52,,,,,,0.0,,,,2
SC4715_C2_52,,,,,,1800.0,,,,1
SC721_C1_53,,,,,,1800.0,,,,1
PG CR KT,,,,,,600.0,,,,-7
RB3025_00332_62,,,,,,8890.0,,,,2
DJ18796_C4_52,,,,,,1800.0,,,,-1
VO5010_2362_53,,,,,,3290.0,,,,0
RB3025_11269_55,,,,,,6990.0,,,,-1
RB3025_18171_58,,,A4,,,6990.0,,,,0
RB3044_L2848_52,,,A4,,,4390.0,,,,0
RB3334_001_61,,,A4,,,4390.0,,,,0
RB3334_002_61,,,,,,4390.0,,,,1
RB3334_004_61,,,,,,4390.0,,,,1
RB3342_00451_63,,,A4,,,5890.0,,,,0
RB3342_006_60,,,,,,5490.0,,,,1
RB3432_002_59,,,A4,,,4290.0,,,,0
RB3432_004_59,,,,,,4290.0,,,,0
RB3431_004_64,,,A4,,,4290.0,,,,0
FTP256_PR2F_M,,,A12,,,2295.0,,,,1
G153S_PFSCB_60,,,,,,0.0,,,,1
ID1160_C2_51,,,,,,1800.0,,,,0
ID873_C3_51,,,T,,,1800.0,,,,0
IM2324_C2_54,,,T,,,2150.0,,,,0
IM2324_C2_49,,,T,,,2150.0,,,,1
IM2348_C1_49,,,T,,,2150.0,,,,1
IMAGE362P_C2,,,T,,,3000.0,,,,1
OO4101_06_59,,,A9,,,11490.0,,,,0
OO9013_76_55,,,T,,,6290.0,,,,0
OO9013_77_55,,,T,,,6290.0,,,,0
OO9223_05_55,,,T,,,10990.0,,,,0
OO9239_02_60,,,T,,,6690.0,,,,0
OO9239_12_60,,,A9,,,6490.0,,,,0
OO9307_04_132,,,A9,,,9290.0,,,,0
OO9341_01_57,,,A9,,,7690.0,,,,0
OO9342_09_57,,,A9,,,8290.0,,,,0
OO9350_08_59,,,A9,,,7690.0,,,,0
OX3131_0653_53,,,A9,,,5490.0,,,,1
OX3131_1053_53,,,A9,,,5490.0,,,,1
OX3165_0353_53,,,A9,,,5490.0,,,,1
OX8078_01_54,,,A9,,,7790.0,,,,1
OX8090_0855_55,,,A9,,,8990.0,,,,0
PR4096_C04_58,,,B,,,2250.0,,,,1
RB2132_62423F_58,,,A1,,,7490.0,,,,0
RB3025_00168_58,,,B4,,,0.0,,,,1
RB3025_09032_58,,,B4,,,6890.0,,,,1
SequinzeSheet,,,T,,,1000.0,,,,17
SEQUINZESupra,,,T,,,1300.0,,,,8
SHEETFRAMES,,,T,,,350.0,,,,37
SL2305T_C3-51,,,T,,,1800.0,,,,1
TH5234_C1_52,,,B,,,6885.0,,,,0
TH5240_C1_51,,,B,,,6885.0,,,,0
TH5245_C3_53,,,B,,,6885.0,,,,0
TH5245_C5_53,,,B,,,6885.0,,,,1
TH5704_C4_53,,,B,,,6885.0,,,,0
VE3226B_GB1_51,,,A7,,,17500.0,,,,2
VO2763_2279_51,,,,,,4590.0,,,,0
VO2767_W656_52,,,,,,3990.0,,,,1
VO2817S_20308F_53,,,,,,3990.0,,,,0
VO2843S_227811_56,,,,,,4590.0,,,,1
VO2866_2269_53,,,,,,4590.0,,,,0
VO2896_W4411_54,,,,,,4990.0,,,,1
VO2896_W6565R_54,,,,,,4790.0,,,,0
VO2896S_W65613_54,,,,,,4990.0,,,,0
VO2899_W44_53,,,,,,3790.0,,,,0
VO2906_2249_54,,,,,,3790.0,,,,-2
VO2925_W44_53,,,,,,3290.0,,,,2
VO2941S_25355R_56,,,,,,4790.0,,,,1
VO2941S_W4411_56,,,,,,5090.0,,,,0
VO2943_201148_55,,,,,,4990.0,,,,1
VO2950_W827_53,,,3490.0,,,3490.0,,,,3
VO2993_W4411_57,,,,,,5490.0,,,,1
VO2993S_1880T3_57,,,,,,6690.0,,,,0
VO3844_352_52,,,,,,3990.0,,,,0
VO3845B_548_52,,,,,,3990.0,,,,1
VO3919S_5484V_57,,,,,,5490.0,,,,0
VO3950_323S11_58,,,,,,3290.0,,,,2
VO3955_352_51,,,,,,3990.0,,,,-1
VO3965_848S_55,,,,,,3890.0,,,,1
VO3980_323S_52,,,,,,3790.0,,,,0
VO3980I_352S_52,,,,,,3790.0,,,,3
VO3991S_28013_58,,,,,,3290.0,,,,-2
VO4003_352_54,,,,,,3490.0,,,,1
VO4010S_3235R_57,,,,,,4590.0,,,,0
VO4015_352_53,,,,,,5590.0,,,,1
VO4015_5009_51,,,,,,5590.0,,,,0
VO4016_848_53,,,,,,3790.0,,,,1
VO4037I_280_52,,,,,,3790.0,,,,2
VO5008S_W4411_57,,,,,,3490.0,,,,2
VO5010_W44_53,,,,,,3890.0,,,,1
VO5012_W44_54,,,,,,3790.0,,,,0
VO5013_2048_52,,,,,,3490.0,,,,1
VO5013_W44_52,,,,,,3490.0,,,,0
VO5042_W44_53,,,,,,3490.0,,,,1
VO5118SI_247214_57,,,,,,3990.0,,,,0
VO5118SI_W4411_57,,,,,,3990.0,,,,-3
VO5118SI_W65613_57,,,,,,3990.0,,,,1
VO5120_W44_52,,,,,,3290.0,,,,-2
VO5145_W656_52,,,,,,3790.0,,,,-1
YOUNGSTEN,,,T,,,1000.0,,,,14
VO4001_499S_50,,,,,,0.0,,,,1
VO2714_2406_54,,,,,,4590.0,,,,0
VO5013_2048_54,,,,,,0.0,,,,1
VISION SPRING,,,B,,,150.0,,,,24
VO2915S_228713_53,,,,,,4590.0,,,,0
VO3955B_280_49,,,,,,0.0,,,,1
FTPC002_BK2_M,,,A10,,,850.0,,,,-1
FTP301_BR2_M,,,A12,,,1495.0,,,,1
EA3026_5017_54,,,A8,,,11990.0,,,,-1
RB3025__00253F_55,,,,,,6490.0,,,,1
RB3129_W0226_58,,,,,,4990.0,,,,1
RX6306_2500_52,,,,,,4790.0,,,,0
RX7047_5196_54,,,,,,5790.0,,,,0
RB3025_00253F_55,,,,,,0.0,,,,-1
IDS1899_C1_64,,,B,,,0.0,,,,0
IDS2429_C6P_57,,,B,,,0.0,,,,0
IDS2440_C1_67,,,B,,,0.0,,,,0
IDS2415_C2_M,,,,,,0.0,,,,-1
IDS2415_C2_57,,,B,,,0.0,,,,0
IDS2405_C2_57,,,B,,,0.0,,,,0
ST10120_C1_54,,,B,,,2775.0,,,,-2
IDS2366_C4_61,,,B,,,2550.0,,,,0
IDS2364_C3_52,,,B,,,2550.0,,,,0
IDS2363_C3P_53,,,B,,,2590.0,,,,-1
IDS2364_C2_52,,,B,,,2550.0,,,,-1
IDS2376_C3_53,,,B,,,2390.0,,,,0
IDS2361_C2_59,,,B,,,2450.0,,,,0
IDS2394_C6P_61,,,B,,,2750.0,,,,1
IDS2394_C5P_61,,,B,,,2750.0,,,,0
IDS2393_C4P_51,,,B,,,2590.0,,,,0
IDS1899_C4_64,,,B,,,1560.0,,,,-3
IDS2341_C3_61,,,B,,,0.0,,,,1
IDS2361_C1_59,,,B,,,2450.0,,,,0
IDS2363_C5P_53,,,B,,,2590.0,,,,1
IDS2366_C3_61,,,B,,,0.0,,,,0
IDS2373_C1,,,B,,,0.0,,,,1
IDS2380_C1_M,,,B,,,0.0,,,,0
IDS2380_C3_M,,,B,,,0.0,,,,0
IDS2390_C1P_52,,,B,,,0.0,,,,0
IDS2390_C2P_52,,,B,,,0.0,,,,0
IDS2390_C3P_52,,,B,,,0.0,,,,0
IDS2391_C1_47,,,B,,,0.0,,,,-1
IDS2391_C2_47,,,B,,,0.0,,,,0
IDS2391_C3_47,,,B,,,0.0,,,,0
IDS2391_C4_47,,,B,,,0.0,,,,0
IDS2392_C1_49,,,B,,,0.0,,,,0
IDS2392_C2_49,,,B,,,0.0,,,,0
IDS2392_C3_49,,,B,,,0.0,,,,1
IDS2393_C1P_51,,,B,,,0.0,,,,1
IDS2393_C3P_51,,,B,,,0.0,,,,0
IDS2393_C5P_51,,,B,,,0.0,,,,0
IDS2394_C1_61,,,B,,,0.0,,,,0
ID2394_C2_61,,,B,,,0.0,,,,1
IDS2394_C3_61,,,B,,,0.0,,,,0
IDS2394_C4_61,,,B,,,0.0,,,,0
IDS2394_C7P_61,,,B,,,0.0,,,,0
IDS2407_C2_57,,,B,,,0.0,,,,0
IDS2436_C1_60,,,B,,,2590.0,,,,0
IDS2436_C2_60,,,B,,,0.0,,,,0
IDS2436_C3_60,,,B,,,2590.0,,,,0
IDS2438_C2_57,,,B,,,2590.0,,,,-1
IDS2438_C3_57,,,B,,,2590.0,,,,0
IDS2379_C2_56,,,B,,,0.0,,,,0
IDS1899_C2_64,,,B,,,0.0,,,,1
IDS1899_C5_64,,,B,,,0.0,,,,1
IDS1899_C6_64,,,B,,,0.0,,,,1
IDS2405_C1_57,,,B,,,0.0,,,,1
IDS2415_C1_57,,,B,,,0.0,,,,1
IDS2418_C1P_52,,,B,,,0.0,,,,2
IDS2418_C3P_52,,,B,,,0.0,,,,1
IDS2423_C1_53,,,B,,,0.0,,,,1
IDS2423_C3_53,,,B,,,0.0,,,,1
IDS2426_C3_53,,,B,,,0.0,,,,1
IDS2426_C5_53,,,B,,,0.0,,,,1
IDS2429_C4P_57,,,B,,,0.0,,,,1
IDS2429_C5P_57,,,B,,,0.0,,,,1
RB2132_622_55,,,A1,,,6990.0,,,,0
RB2132_901_52,,,A1,,,7190.0,,,,0
RB2132_901_58,,,A1,,,6990.0,,,,0
RB2132_902_52,,,A1,,,6090.0,,,,0
RB2180_60171_49,,,A1,,,7190.0,,,,0
RB3342_00458_63,,,A4,,,6990.0,,,,0
RB3471_00471_32,,,A4,,,5990.0,,,,0
RB3539_0028G_54,,,B,,,6490.0,,,,0
RB3539_1928G_54,,,B,,,7690.0,,,,1
RB4165_86588_55,,,A6,,,6490.0,,,,0
RB4187_85613_54,,,B,,,6490.0,,,,0
EA4086_501711_54,,,A8,,,9500.0,,,,0
EA4086_55528G_54,,,A8,,,9500.0,,,,0
EA4086_567713_54,,,A8,,,9500.0,,,,0
EA4092_501711_53,,,B,,,11500.0,,,,0
EA4093_504287_52,,,B,,,11500.0,,,,0
EA4093_508987_52,,,A8,,,11500.0,,,,0
EA4094_501711_56,,,A8,,,9500.0,,,,0
EA4095_50176G_56,,,A8,,,9500.0,,,,0
EA4095_50265A_56,,,A8,,,9500.0,,,,0
EA4097_501787_56,,,A8,,,10500.0,,,,-1
EA4099_556783_56,,,A8,,,11500.0,,,,0
EA4099_55728G_56,,,A8,,,9500.0,,,,0
EA4101_556611_56,,,A8,,,9500.0,,,,0
EA4103_501781_56,,,A8,,,11000.0,,,,0
EA4103_50265A_56,,,A8,,,9000.0,,,,0
EA4103_55966G_56,,,A8,,,9000.0,,,,0
Walnut Excl,,,B,,,2100.0,,,,1
RB3442_004_59,,,A4,,,0.0,,,,-1
VO2870_2359_52,,,,,,0.0,,,,-1
IDS2394_C2_61,,,B,,,0.0,,,,-1
IDS2392_C4_49,,,B,,,0.0,,,,-2
IDS1655_COL2_,,,,,,0.0,,,,-1
IDEE,,,T,,,0.0,,,,-1
INSIST,,,,,,0.0,,,,-1
IST9453_C3_48,,,B,,,1800.0,,,,-1
IDS2393_CIP_61,,,B,,,0.0,,,,-1
TH6113_C3_51,,,,,,0.0,,,,1
TH6136_C3_51,,,,,,7410.0,,,,0
TH3171_C6_53,,,,,,6650.0,,,,0
TH3157_C4_53,,,,,,6650.0,,,,0
TH6130_C3_50,,,,,,6400.0,,,,0
TH6137_C3_48,,,,,,7670.0,,,,-1
TH6133_C2_48,,,,,,7670.0,,,,0
TH6149_C4_51,,,,,,0.0,,,,0
TH6151_C3_52,,,,,,2955.0,,,,0
TH6132_C6_50,,,,,,0.0,,,,0
TH6130_C2_50,,,,,,6400.0,,,,0
TH3162_C1_52,,,,,,0.0,,,,1
TH1009_C2_53,,,,,,6685.0,,,,0
TH3168_C1_51,,,,,,6650.0,,,,0
TH3165_C3_52,,,,,,0.0,,,,1
TH6112_C3_52,,,,,,7400.0,,,,-1
TH6138_C1_50,,,,,,0.0,,,,1
TH6153_C1_52,,,,,,7400.0,,,,0
TH6141_C3_55,,,,,,0.0,,,,1
SL10109_C4_54,,,,,,0.0,,,,1
SL10109_C3_54,,,,,,3000.0,,,,0
SL10112_C2_51,,,,,,0.0,,,,1
SL10100_C2_52,,,,,,0.0,,,,1
SL10111_C1_49,,,,,,0.0,,,,1
SL10111_C9_49,,,,,,0.0,,,,1
SL55094_C1_52,,,,,,0.0,,,,1
SL10120_C1_54,,,,,,2775.0,,,,0
SL55095_C1_51,,,,,,0.0,,,,1
SL10120_C4_54,,,,,,0.0,,,,1
SL10121_C3_52,,,,,,0.0,,,,1
SL10098_C3_51,,,,,,0.0,,,,1
SL55093_C4_52,,,,,,0.0,,,,1
SL10101_C2_51,,,,,,0.0,,,,1
SL55095_C2_51,,,,,,0.0,,,,1
TH6123_C2_55,,,,,,0.0,,,,1
EA4094_502613_56,,,a4,,,9500.0,,,,0
EA4099_556687_56,,,a4,,,9500.0,,,,0
RB4187_6228G_54,,,A6,,,7590.0,,,,-1
VO5007_W4411_58,,,,,,3990.0,,,,-1
VO5010_2362_51,,,,,,3290.0,,,,-1
RB2132_901L_55,,,A1,,,7190.0,,,,0
RB2132_63083F_55,,,,,,7690.0,,,,1
RB2140_90251_50,,,A1,,,8190.0,,,,0
RB3016_W0365_51,,,,,,8890.0,,,,1
RB3016_W0366_51,,,,,,8390.0,,,,-2
RB3016_1160_51,,,,,,8890.0,,,,1
RB3025_0024D_58,,,,,,8690.0,,,,0
RB3025_9001A5_58,,,,,,8890.0,,,,0
RB3025_0014L_58,,,,,,7490.0,,,,0
RB3025_00232_58,,,,,,6990.0,,,,-1
RB3025_00258_58,,,,,,7490.0,,,,1
RB3025_0065_55,,,,,,6390.0,,,,2
RB3025_W3277_58,,,,,,6990.0,,,,-1
RB3025_00451_58,,,,,,8890.0,,,,3
RB3025_00451_55,,,,,,8890.0,,,,2
RB3025_01451_58,,,,,,7490.0,,,,1
RB3025_00157_58,,,,,,10090.0,,,,0
RB3025_11217_58,,,,,,7590.0,,,,0
RB3025_11285_58,,,,,,6990.0,,,,1
RB3025_0013F_62,,,,,,6490.0,,,,0
RB3025_00258_62,,,,,,10090.0,,,,1
RB3025_00458_62,,,,,,10090.0,,,,2
RB3025_00158_62,,,,,,7790.0,,,,-1
RB3025_00157_62,,,,,,7490.0,,,,0
RB3025_0013E_62,,,,,,6490.0,,,,2
RB3025_0033F_62,,,,,,6490.0,,,,-1
RB3025_18171_62,,,,,,6990.0,,,,0
RB3026_W2027_62,,,,,,5490.0,,,,-1
RB3129_W1504_58,,,,,,5590.0,,,,0
RB3129_W0228_58,,,,,,5590.0,,,,2
RB3136_181_58,,,,,,5990.0,,,,0
RB3412_004_63,,,,,,4690.0,,,,0
RB3412_001_63,,,,,,4390.0,,,,0
RB3412_002_63,,,,,,4390.0,,,,0
RB3432_001_59,,,,,,4590.0,,,,1
RB3449_00113_59,,,,,,8090.0,,,,-1
RB3552_00173_58,,,,,,4890.0,,,,0
RB3553_00173_58,,,,,,4890.0,,,,2
RB3553_0049A_59,,,,,,6390.0,,,,0
RB3558_004B8_58,,,,,,6890.0,,,,1
RB3561_0013F_57,,,,,,8790.0,,,,0
RB3569_900873_59,,,,,,8290.0,,,,0
RB3569_90048G_59,,,,,,8790.0,,,,0
RB3570_900813_58,,,,,,8790.0,,,,0
RB4147_71051_60,,,,,,7690.0,,,,1
RB4165_6018G_55,,,,,,6990.0,,,,0
RB4165_71013_58,,,,,,6490.0,,,,0
RB4171_6228G_54,,,,,,6490.0,,,,0
RB4171_86513_54,,,,,,6490.0,,,,0
RB4171_710T5_54,,,,,,7990.0,,,,-1
RB4205_6019A_56,,,,,,5890.0,,,,0
RB4231_60171_65,,,,,,10190.0,,,,0
RB4252_6018G_51,,,,,,4890.0,,,,0
RB4263_6015J_55,,,,,,10790.0,,,,1
RB4269_6018G_56,,,,,,4890.0,,,,1
RB4269_71013_56,,,,,,4890.0,,,,0
RB4274_6018G_53,,,,,,6490.0,,,,1
RB4252_6019A_51,,,,,,5890.0,,,,0
RB4251_71051_56,,,,,,4390.0,,,,1
ID1539_C4_53,,,,,,1800.0,,,,-1
FTP222_BR2_M,,,A12,,,850.0,,,,0
FTPC001_BK4_M,,,A11,,,940.0,,,,0
OMK10101_10011_54,,,,,,10500.0,,,,1
OEA4092_50898G_53,,,,,,11500.0,,,,1
VO2925B_2065_51,,,,,,3390.0,,,,1
VO5145_W44_52,,,,,,3690.0,,,,0
VO2924_W44_53,,,,,,3390.0,,,,0
VO2886_W656_51,,,,,,4990.0,,,,0
VO5010_W44_51,,,,,,3890.0,,,,-2
VO3955B_280_51,,,,,,3190.0,,,,3
VO5030_W827_53,,,,,,4990.0,,,,0
VO5119S_W65613_56,,,,,,4290.0,,,,-4
VO3950SD_935S36_58,,,,,,3290.0,,,,1
VO5182_W4411_54,,,,,,3990.0,,,,0
VO5137S_W65613_55,,,,,,5590.0,,,,0
VO3950SD_812S14_58,,,,,,3290.0,,,,1
IDEE SG.,,,B,,,2400.0,,,,13
RX5312_2477_52,,,,,,5090.0,,,,1
RX5312_5213_52,,,,,,5090.0,,,,0
RX5312_2477_54,,,,,,5090.0,,,,0
RX5337_2012_54,,,,,,5090.0,,,,1
RX5337_5528_54,,,,,,5090.0,,,,0
RX5346_5504_52,,,,,,4990.0,,,,0
RX5346_5504_54,,,,,,4990.0,,,,0
RX6266_2502_53,,,,,,3390.0,,,,1
RX6266_2501_51,,,,,,3990.0,,,,1
RX6266_2500_53,,,,,,3990.0,,,,0
RX6302_2509_52,,,,,,4590.0,,,,0
RX6303_2501_53,,,,,,3990.0,,,,2
RX6304_2501_54,,,,,,3990.0,,,,0
RX6304_2502_54,,,,,,4290.0,,,,0
RX6304_2509_54,,,,,,4290.0,,,,0
RX6323_2500_52,,,,,,4590.0,,,,0
RX6323_2502_52,,,,,,4590.0,,,,0
RX7027_5419_54,,,,,,4790.0,,,,0
RX7090_5622_52,,,,,,4790.0,,,,1
RX7127_2000_53,,,,,,4290.0,,,,0
RX7127_2012_53,,,,,,4290.0,,,,1
RX7127_2475_53,,,,,,4290.0,,,,-1
RX7129_5577_54,,,,,,4290.0,,,,1
RX7129_5419_54,,,,,,4290.0,,,,1
TH7984_C1_59,,,,,,8415.0,,,,-1
SS102_C4_51,,,T,,,1800.0,,,,1
SS110_C3_52,,,T,,,1800.0,,,,1
SS112_C1_53,,,T,,,1800.0,,,,1
OO9343_05_45,,,,,,6990.0,,,,-1
OO9272_02_56,,,,,,0.0,,,,-1
OO9211_05,,,,,,0.0,,,,-1
RX7027_5196_54,,,,,,4790.0,,,,1
CK3143S_228_55,,,,,,0.0,,,,-1
CK3154_001_62,,,,,,0.0,,,,-1
CK3161S_001_58,,,,,,0.0,,,,-1
CK4191_004_57,,,,,,0.0,,,,-1
CK4223S_377_52,,,,,,9000.0,,,,-2
IDS1994_C7_56,,,,,,0.0,,,,-1
IST9146_53,,,,,,1800.0,,,,-1
VO2950_W827_51,,,,,,3490.0,,,,-3
OO9102_51_55,,,,,,9790.0,,,,-1
KX7107_2209_52,,,,,,2590.0,,,,1
ID1531_C2_54,,,,,,2380.0,,,,-3
ID1521_C2_51,,,,,,0.0,,,,0
ID1521_C3_51,,,,,,2250.0,,,,-4
ID1543_C2_53,,,,,,0.0,,,,1
ID1543_C4_54,,,,,,0.0,,,,0
ID1543_C5_54,,,,,,0.0,,,,1
ID1543_C7_54,,,,,,0.0,,,,1
ID1476_C4_52,,,,,,0.0,,,,0
ID1476_C3_52,,,,,,0.0,,,,1
ID1489_C5_51,,,,,,2390.0,,,,1
ID1562_C2_51,,,,,,2450.0,,,,4
ID1544_C5_52,,,,,,2160.0,,,,0
ID1494_C3_52,,,,,,0.0,,,,-1
ID1484_C4_51,,,,,,2150.0,,,,-1
ID1484_C5_51,,,,,,0.0,,,,0
ID1484_C6_51,,,,,,2150.0,,,,1
ID1541_C2_53,,,,,,1950.0,,,,1
ID1545_C1_54,,,,,,2160.0,,,,1
ID1545_C3_54,,,,,,0.0,,,,0
ID1546_C1_52,,,,,,2590.0,,,,0
ID1546_C2_52,,,,,,2590.0,,,,1
ID1546_C4_52,,,,,,2590.0,,,,0
ID1546_C5_52,,,,,,2590.0,,,,1
ID1519_C1_49,,,,,,0.0,,,,0
ID1519_C3_49,,,,,,0.0,,,,1
ID1519_C2_49,,,T,,,2350.0,,,,1
ID1525_C3_55,,,,,,0.0,,,,1
ID1490_C2_53,,,,,,0.0,,,,0
ID1447_C2_51,,,,,,0.0,,,,1
ID1470_C6_52,,,,,,2250.0,,,,0
ID1471_C3_50,,,,,,2250.0,,,,0
ID1517_C1_55,,,,,,0.0,,,,0
ID1517_C3_55,,,,,,2250.0,,,,0
ID1504_C2_52,,,,,,0.0,,,,0
ID1504_C4_52,,,,,,0.0,,,,0
ID1482_C1_50,,,,,,0.0,,,,1
ID1482_C4_50,,,,,,0.0,,,,1
ID1482_C5_50,,,,,,2160.0,,,,2
ID1477_C4_53,,,,,,0.0,,,,0
ID1460_C1_51,,,,,,0.0,,,,0
ID1560_C3_51,,,,,,0.0,,,,2
ID1559_C3_51,,,,,,2450.0,,,,-1
ID1559_C5_51,,,,,,0.0,,,,1
ID1489_C4_51,,,,,,2390.0,,,,1
ID1520_C1_50,,,,,,2250.0,,,,-3
ID1520_C2_50,,,,,,0.0,,,,0
ID1520_C3_50,,,,,,2250.0,,,,0
OO9135_11_56,,,A9,,,6490.0,,,,-1
VO5133S_W4411_53,,,,,,5590.0,,,,-1
VO4070_50597B_52,,,,,,0.0,,,,-1
VO5136S_W65613_52,,,,,,6190.0,,,,-1
VO5132S_25677B_52,,,,,,5590.0,,,,-1
VO4049_84813_55,,,,,,5790.0,,,,-1
VO2789_1941_52,,,,,,4290.0,,,,-2
Steward Metal,,,t,,,1000.0,,,,-1
Progressive CR,,,,,,1400.0,,,,-3
Progressive ARC,,,,,,2400.0,,,,-2
ID721_C2_54,,,,,,1800.0,,,,-1
C.Lens,,,,,,1000.0,,,,-6
CRIZAL UV.,,,,,,3200.0,,,,-6
VO4036S_65614_57,,,,,,3990.0,,,,0
VO4010S_35211_57,,,,,,5090.0,,,,0
VO4010S_99713_57,,,,,,4790.0,,,,-1
CK4251S_001_56,,,,,,9000.0,,,,-1
COL.GLASS,,,,,,500.0,,,,-2
OO9266_03,,,,,,0.0,,,,-1
VO2778SB_W4487_58,,,,,,0.0,,,,-1
RB4147_71051_50,,,,,,0.0,,,,-1
VO2787_2406_51,,,,,,0.0,,,,-1
OO9266_02_59,,,,,,0.0,,,,0
VO5166S_265613_51,,,,,,0.0,,,,-1
VO2870_235913_52,,,,,,0.0,,,,-1
VO4038_352_54,,,,,,3790.0,,,,-1
VO3893_280_54,,,,,,0.0,,,,-1
VO2924B_2065_51,,,,,,0.0,,,,-2
VO3990S_81314_58,,,,,,0.0,,,,-1
VO2906_2048_51,,,,,,0.0,,,,-1
OO9208_02,,,,,,0.0,,,,-1
Progressiv PG.,,,,,,0.0,,,,-1
RB4147_710_60,,,,,,0.0,,,,-1
VO2843B_201148_55,,,,,,0.0,,,,-1
RB3025_00115_55,,,,,,9490.0,,,,-1
RB7129_5419_54,,,T,,,4790.0,,,,-1
VO2941S_2535R_56,,,,,,0.0,,,,-1
ID1470_C5_52,,,,,,2250.0,,,,0
ID1557_C4_52,,,,,,2450.0,,,,1
ID1563_C5_53,,,,,,2450.0,,,,-1
ID1564_C6_50,,,,,,2450.0,,,,1
ID1567_C6_51,,,,,,1995.0,,,,0
RBTYPE,,,T,,,400.0,,,,-1
IDS2195_C4_49,,,,,,2650.0,,,,-1
WALNUT PRO,,,,,,2100.0,,,,-3
RB2132_90158_55,,,,,,8990.0,,,,-2
RB2132_71051_55,,,,,,8890.0,,,,2
RB3025_11219_58,,,,,,7590.0,,,,2
RB3025_00358_58,,,,,,8190.0,,,,-1
RB3025_0015_55,,,,,,6390.0,,,,0
RB3025_01451_55,,,,,,6990.0,,,,1
RB3025_00458_58,,,,,,10090.0,,,,1
RB4147_613713_60,,,,,,7490.0,,,,0
RB4147_60158_60,,,,,,8590.0,,,,1
IDS1802_C2_57,,,,,,1980.0,,,,-1
ID1470_C7_52,,,,,,0.0,,,,-1
RB3432_002_58,,,,,,0.0,,,,-1
RB3432_001_58,,,,,,0.0,,,,-2
EA4086_56788Z_54,,,,,,9500.0,,,,-1
OO9013_24-297_55,,,,,,0.0,,,,-1
FTM168_BK3_M,,,,,,0.0,,,,-1
ID1544_C7_52,,,,,,2250.0,,,,-2
ID1544_C6_52,,,,,,2160.0,,,,-2
ID1544_C1_52,,,,,,0.0,,,,-1
EA4086_502613_54,,,,,,9500.0,,,,0
RX6426_2975_53,,,,,,5090.0,,,,0
VO3982S_84813_58,,,,,,5990.0,,,,-3
OO9272_08,,,,,,6990.0,,,,-1
RX6489_2500_58,,,,,,7390.0,,,,1
RX6489_2501_58,,,,,,7390.0,,,,1
RX7097_2000_49,,,,,,7890.0,,,,1
RX5363_5529_51,,,,,,5090.0,,,,1
RX6589_2500_56,,,,,,7390.0,,,,1
RX3578V_2904_50,,,,,,7890.0,,,,0
RX3610_2500_58,,,,,,6390.0,,,,1
RX3582V_2500_51,,,,,,7390.0,,,,1
PGKT,,,,,,600.0,,,,0
RB3306_001_60,,,,,,4750.0,,,,-1
RB3026_L2928_58,,,,,,5790.0,,,,-1
RB4210_154G_54,,,,,,0.0,,,,-1
PG CR,,,,,,600.0,,,,-10
RB3447JM_172_50,,,,,,8490.0,,,,-1
IDS2190_C3_53,,,,,,2380.0,,,,-1
INB2610B_Cat.3 S,,,,,,3800.0,,,,1
INB2620A_Cat.3 S,,,,,,3800.0,,,,1
INB2710A_Cat3 S,,,,,,3800.0,,,,1
Spectacle Corrective,,,,,,400.0,,,,107
Supra NV.,,,,,,400.0,,,,92
METAL FRAME Code AX,,,T,,,400.0,,,,201
SHEET FRAME Code CT,,,,,,400.0,,,,79
CRKT,,,,,,400.0,,,,-76
ID1557_C4_54,,,,,,2450.0,,,,-1
AO,,,,,,1600.0,,,,-2
ID1564_C1_50,,,,,,2450.0,,,,-1
READ ULTRA,,,,,,400.0,,,,-48
JUST READ ULTRA,,,,,,200.0,,,,-6
FT_M148BU1_M,,,,,,2350.0,,,,-2
FT_P218BR2FP_M,,,,,,2395.0,,,,-2
FT_P218BK1FP_M,,,,,,2395.0,,,,-2
6line PGKT,,,,,,400.0,,,,-5
WHITE GLASS,,,,,,200.0,,,,9
FT_P223GR1_M,,,,,,895.0,,,,-2
FT_P190BK1_M,,,,,,1299.0,,,,-3
FT_P040BR2_M,,,,,,1295.0,,,,-2
FT_P089BK1_M,,,,,,950.0,,,,-3
IDS2170_C1_52,,,,,,2680.0,,,,-1
FT_P178BR3FP_M,,,,,,2099.0,,,,-2
FT_P161BK2F_M,,,,,,1695.0,,,,-2
FT_C060PR3F_M,,,,,,2150.0,,,,-2
FT_M132GR2_M,,,,,,2095.0,,,,-1
FT_M083GY1F_M,,,,,,2150.0,,,,-1
INB1915C_Cat.3 S,,,,,,3125.0,,,,1
INB2802A_Cat.3 S,,,,,,3125.0,,,,0
INB1906A_Cat.3 S,,,,,,3445.0,,,,1
INB1913B_Cat.3 S,,,,,,3445.0,,,,0
INB1912D_Cat.2 S,,,,,,3445.0,,,,0
INB2940B_Cat.1 S,,,,,,3125.0,,,,0
INB1907C_Cat.3 S,,,,,,3445.0,,,,1
INB2901E_Cat.2 S,,,,,,3125.0,,,,1
INB2946B_Cat.3 S,,,,,,3125.0,,,,1
INB1907D_Cat.3 S,,,,,,3445.0,,,,0
INB1917B_Cat.3 S,,,,,,3445.0,,,,1
FT_M035GY1_M,,,,,,2699.0,,,,-1
FT_C057BR1F_M,,,,,,2450.0,,,,-2
FT_M101BR3P_M,,,,,,2295.0,,,,-2
FT_P223BU2_M,,,,,,850.0,,,,-2
PG CRKT,,,,,,600.0,,,,-12
BRAND FULL,,,,,,1000.0,,,,-3
LADY GOGGLE,,,,,,400.0,,,,-1
FT_P089BR2_M,,,,,,1299.0,,,,1
GOGGLE,,,,,,200.0,,,,-50
SUPROL ARC,,,,,,1000.0,,,,-7
VE 3226B_GB1_51,,,,,,17500.0,,,,-2
FT_P040BK1_M,,,,,,1295.0,,,,-2
FT_P357BK2_M,,,,,,950.0,,,,-2
FT_P157BR1F_M,,,,,,1795.0,,,,-3
FT_P222BR2_M,,,,,,850.0,,,,-2
CUP Goggles,,,,,,0.0,,,,-16
FT_P222GR1_M,,,,,,895.0,,,,-2
cup goggle,,,,,,100.0,,,,-1
FT_M138BR2_M,,,,,,1495.0,,,,-1
OO9247_09_57,,,,,,10990.0,,,,-1
COVER,,,,,,150.0,,,,0
FRAME,,,,,,300.0,,,,78
LENS,,,,,,300.0,,,,1
SELVET,,,,,,30.0,,,,2
BIOMEDICS 55,,,,,,1200.0,,,,0
CRKTPG,,,,,,1000.0,,,,-1
CONTACT LENS,,,,,,300.0,,,,-6
ARC HC. 1.56 -6/-2.00,,,,,,500.0,,,,3
CRIZAL UV,,,,,,2000.0,,,,-2
CR HC.1.56 +4/+2,,,,,,300.0,,,,3
ARC HC.1.56 P/CYL -4.00 CYLCRHC,,,,,,500.0,,,,1
CR HC. 1.56 -6/-2.00,,,,,,300.0,,,,1
CR HC. 1.56 +4/+2.00,,,,,,300.0,,,,-1
CRKTPG  NO -2PWR,,,,,,1100.0,,,,-1
ELECTRA HD,,,,,,1000.0,,,,1
CRKT PG GREY +3/PWR,,,,,,1100.0,,,,0
CRKT PG HC.,,,,,,1100.0,,,,0
CRKT P/CYL ST AXIS,,,,,,900.0,,,,-1
CR HC 1.56+4\+2 HC/6.5,,,,,,300.0,,,,-2
CRKT COMP ST AXIS HC/1.5,,,,,,400.0,,,,-2
CR ARC,,,,,,500.0,,,,1
CRKT PG,,,,,,600.0,,,,2
GFW,,,,,,500.0,,,,1
PROGRESSIVE,,,,,,1400.0,,,,-3
CR HC. BROWN COATING,,,,,,600.0,,,,-1
Sunglasses,,,,,,500.0,,,,-1
metal frame 2,,,,,,400.0,,,,-2
PROGESSIVE HC,,,,,,2400.0,,,,4
metal frame 1,,,,,,300.0,,,,-1
METAL FRAME2,,,,,,400.0,,,,-1
CUP GOGGLE,,,,,,100.0,,,,-110
SHEET FRAME,,,,,,200.0,,,,-2
ARC CRKT,,,,,,1000.0,,,,0
VOGUE D,,,,,,1000.0,,,,-1
P182BK2F,,,,,,1295.0,,,,1
FT_P365GR2_M,,,,,,1699.0,,,,0
C077BR2,,,,,,2399.0,,,,1
CR HC,,,,,,300.0,,,,3
SHEET FRAME 2,,,,,,400.0,,,,-28
BANDAGE LENS,,,,,,491.0,,,,1
PG KT,,,,,,600.0,,,,1
SHEET FRAME 1,,,,,,300.0,,,,-214
PGCR,,,,,,600.0,,,,-28
METAL FRAME,,,,,,200.0,,,,-3
RB3029_18171_62,,,,,,8890.0,,,,-1
VE4316B_520088_57,,,,,,17500.0,,,,-1
FT_P180PR2F_M,,,,,,1299.0,,,,-2
FT_C066BR2F_M,,,,,,1699.0,,,,-1
FT_M144BR2_M,,,,,,2350.0,,,,-1
FT_M138BK3_M,,,,,,1895.0,,,,-2
FT_M083GYIF_M,,,,,,2150.0,,,,-1
FT_C077BR2_M,,,,,,2499.0,,,,-1
SILKLENS,,,,,,180.0,,,,3
P157BR1F,,,,,,1795.0,,,,1
PGCRKT,,,,,,400.0,,,,-6
TH6148_C1_50,,,,,,2955.0,,,,-1
TH6141_C3_53,,,,,,3505.0,,,,-1
FT_P357BK1_M,,,,,,695.0,,,,0
HC CR.,,,,,,300.0,,,,-1
SHEEL FRAME 2,,,,,,400.0,,,,-1
P222BR2,,,,,,895.0,,,,1
RX7074_5365_52,,,,,,5790.0,,,,-1
BABY SHEET FRAME,,,,,,300.0,,,,-6
6line PG,,,,,,400.0,,,,-1
BOXES,,,,,,20.0,,,,0
CRIZAL UV KT,,,,,,2000.0,,,,1
CRHC.,,,,,,300.0,,,,948
RAYBAN TYPE FRAME,,,,,,1000.0,,,,-1
FULL METAL,,,,,,250.0,,,,-1
ID1567_C3_51,,,,,,1995.0,,,,-2
PG ARCKT PROGRESSIVE,,,,,,1200.0,,,,-1
TH7922_C3_60,,,,,,8905.0,,,,-1
FT_P183BR1F_M,,,,,,1695.0,,,,-2
CRIZAL UV PROGRESSIVE,,,,,,2090.0,,,,-1
TH6128_C3_48,,,,,,7400.0,,,,-1
CRIZAL PREVENCIA OPTIFOG,,,,,,3490.0,,,,-3
PROGRESSIVE CR,,,,,,1000.0,,,,-1
IL9459_C4_51,,,,,,1600.0,,,,-1
IDS1736_C3_58,,,,,,2800.0,,,,-1
FT_PC001BR23_M,,,,,,1299.0,,,,-3
PG ARC,,,,,,1200.0,,,,-7
FRAME BOSS D,,,,,,1000.0,,,,-1
PG ARC KT,,,,,,1000.0,,,,-1
3 PEICE FRAME,,,,,,300.0,,,,-1
PROGRESSIVE KT,,,,,,1000.0,,,,-1
PROGRESSIVE ARC,,,,,,1200.0,,,,-3
6 LINE PGKT,,,,,,600.0,,,,1
PGKT ARC,,,,,,1000.0,,,,-1
SHEET FRAME 3,,,,,,500.0,,,,-10
FT_M131BK1P_M,,,,,,2250.0,,,,-2
CATARAY GLASSES,,,,,,400.0,,,,-1
PROGRESSIVE PGCR,,,,,,1000.0,,,,-2
SUPRA METAL,,,,,,250.0,,,,-3
DISNEYMK156_C697_48,,,,,,1000.0,,,,-1
SUPROL,,,,,,1000.0,,,,-1
BABY FRAME SHEET,,,,,,300.0,,,,-1
SHEET  FRAME 2,,,,,,400.0,,,,-1
SPECTACLE FRAMES,,,,,,1000.0,,,,2095
SPECTACLE FRAME,,,,,,300.0,,,,120
SUN GLASSES PROTECTIVE (CUP GOGGLE),,,,,,100.0,,,,204
WALNUT PRO H,,,,,,2100.0,,,,-1
PA7090_C01_58,,,,,,3500.0,,,,-1
RB3447N_00190_50,,,,,,9390.0,,,,-1
FT_M140BU2_58,,,,,,1180.0,,,,2
ID1534_C1_50,,,,,,2250.0,,,,-1
FT_PC002BK5_M,,,,,,895.0,,,,-1
SE1273_C1_52,,,,,,1560.0,,,,-1
FT_M050BR5_M,,,,,,2150.0,,,,-4
OO9102_36_55,,,,,,6990.0,,,,-2
SHEET FRAME  1,,,,,,200.0,,,,-1
CK5364A_028_M,,,,,,8200.0,,,,-2
VO5148B_2539_53,,,,,,3790.0,,,,-2
VO5147_W4411_55,,,,,,3990.0,,,,-1
FT_C046PR2_M,,,,,,1850.0,,,,-2
PGARC,,,,,,400.0,,,,-1
ID1563_C6_53,,,,,,2450.0,,,,-2
RB4205_71013_56,,,,,,4890.0,,,,-1
SHHET FRAME 1,,,,,,200.0,,,,-1
PG ARCKT,,,,,,1000.0,,,,0
METAK FRAME 1,,,,,,200.0,,,,-1
RB3553_00173_59,,,,,,5390.0,,,,-2
ID1564_C6_51,,,,,,2450.0,,,,-2
ID1560_C3_54,,,,,,2490.0,,,,-2
ID1557_C6_52,,,,,,2450.0,,,,-2
ID1558_C4_53,,,,,,2450.0,,,,-2
INB2620A_CAT3_S,,,,,,3800.0,,,,-1
VO5164S_25578H_52,,,,,,6190.0,,,,-1
IDS2262_C1_51,,,,,,1273.0,,,,-1
IDS2197_C2_56,,,,,,2380.0,,,,-1
IDS1961_C3P_M,,,,,,2280.0,,,,-1
METAL FRAME  2,,,,,,400.0,,,,-1
ID1557_C5_52,,,,,,2450.0,,,,-2
ID1558_C2_53,,,,,,2450.0,,,,-2
ID1546_C3_52,,,,,,2590.0,,,,-1
OO9175_01_55,,,,,,5490.0,,,,-1
METAL  FRAME 1,,,,,,300.0,,,,-1
ID1558_C1_53,,,,,,2450.0,,,,-2
ID1563_C4_53,,,,,,2450.0,,,,-2
IDS2440_C2_67,,,,,,2350.0,,,,0
IDS2441_C3_72,,,,,,2350.0,,,,0
ARC KT,,,,,,1000.0,,,,-2
METEL FRAME 1,,,,,,300.0,,,,-1
ID1490_C1_53,,,,,,2390.0,,,,-2
ID1159_C3_53,,,,,,1800.0,,,,-2
ID1480_C8_51,,,,,,2390.0,,,,-2
ID1542_C2_53,,,,,,2160.0,,,,-1
ID1490_C4_53,,,,,,2390.0,,,,-2
ID1562_C1_51,,,,,,2450.0,,,,-3
IDS1899_C3_64,,,,,,330.0,,,,0
IDS2412_C3_57,,,,,,495.0,,,,0
IDS2440_C3_67,,,,,,495.0,,,,-1
IDS2438_C1_57,,,,,,545.0,,,,0
IDS2427_C1_61,,,,,,585.0,,,,0
IDS2438_C4_57,,,,,,2590.0,,,,0
IDS2409_C4P_58,,,,,,545.0,,,,0
IDS2423_C2_53,,,,,,495.0,,,,0
IDS2413_C1_62,,,,,,545.0,,,,0
INB2710A_CAT3_S,,,,,,3800.0,,,,-1
HV210_COL09_64,,,,,,500.0,,,,-1
HV210_COL05_64,,,,,,500.0,,,,-1
ID1490_C3_53,,,,,,2390.0,,,,-1
ID1514_C2_52,,,,,,2160.0,,,,-1
ID1559_C5_54,,,,,,2450.0,,,,-1
CREAST FRAME,,,,,,600.0,,,,-1
IDS2467_C1_51,,,,,,2590.0,,,,0
IDS2500_C28_58,,,,,,2590.0,,,,-1
IDS2500_C24_58,,,,,,2350.0,,,,-1
IDS2500_C51_58,,,,,,2590.0,,,,-1
IDS2500_C53_58,,,,,,2590.0,,,,0
IDS2503_C2_58,,,,,,2950.0,,,,0
IDS2500_C30_58,,,,,,2590.0,,,,-1
IDS2500_C54_58,,,,,,2590.0,,,,-1
ID1426_C2_49,,,,,,1950.0,,,,1
ID1561_C2_51,,,,,,2450.0,,,,9
ID1508_C1_50,,,,,,2160.0,,,,1
ID1528_C3_51,,,,,,1980.0,,,,1
ID1562_C1_55,,,,,,2450.0,,,,2
ID1542_C6_53,,,,,,1950.0,,,,2
ID1504_C3_52,,,,,,2160.0,,,,-1
ID1508_C4_54,,,,,,2160.0,,,,3
ID1562_C2_55,,,,,,2450.0,,,,-6
ID1511_C2_51,,,,,,2160.0,,,,3
ID1541_C5_53,,,,,,1950.0,,,,1
ID1508_C2_54,,,,,,2160.0,,,,9
ID1509_C2_50,,,,,,2160.0,,,,13
ID1542_C7_53,,,,,,1950.0,,,,8
ID1542_C4_53,,,,,,1950.0,,,,11
ID1541_C4_53,,,,,,1950.0,,,,7
ID1560_C2_54,,,,,,2450.0,,,,1
ID1561_C1_54,,,,,,2450.0,,,,3
ID1545_C2_54,,,,,,2590.0,,,,2
ID1541_C3_53,,,,,,1990.0,,,,2
ID1547_C6_51,,,,,,0.0,,,,1
ID1430_C4_52,,,,,,1990.0,,,,5
ID1548_C5_51,,,,,,0.0,,,,1
ID1541_C6_53,,,,,,1950.0,,,,2
ID1483_C2_50,,,,,,2450.0,,,,1
ID1544_C2_52,,,,,,0.0,,,,1
ID1487_C1_51,,,,,,2450.0,,,,4
ID1296_C3_50,,,,,,2200.0,,,,2
ID1542_C5_53,,,,,,1950.0,,,,4
ID1425_C2_48,,,,,,1990.0,,,,7
ID1548_C4_51,,,,,,0.0,,,,1
ID1560_C1_54,,,,,,2450.0,,,,1
IDS2436_C4P_60,,,,,,2590.0,,,,0
IDS2430_C1_55,,,,,,3300.0,,,,0
IDS2413_C2_62,,,,,,2590.0,,,,1
IDS2409_C5P_58,,,,,,2780.0,,,,0
IDS2413_C3_62,,,,,,2590.0,,,,1
IDS2427_C3_61,,,,,,2780.0,,,,0
IDS2407_C5P_57,,,,,,2590.0,,,,0
IDS2428_C1_49,,,,,,0.0,,,,1
IDS2427_C5_61,,,,,,2780.0,,,,0
IDS2409_C3P_58,,,,,,2780.0,,,,0
IDS2440_C3_57,,,,,,0.0,,,,1
IDS2423_C7P_53,,,,,,2350.0,,,,1
IDS2427_C4_61,,,,,,2780.0,,,,0
IDS2351_C3_56,,,,,,2950.0,,,,0
IDS2353_C1_56,,,,,,2650.0,,,,-1
IDS2353_C2_56,,,,,,1100.0,,,,0
IDS2353_C4_56,,,,,,2650.0,,,,-1
IDS2397_C1_54,,,,,,2650.0,,,,0
IDS2397_C2_54,,,,,,2650.0,,,,0
IDS2397_C3_54,,,,,,2650.0,,,,0
IDS2397_C4_54,,,,,,2650.0,,,,0
IDS2401_C1_52,,,,,,2850.0,,,,0
IDS2401_C4_52,,,,,,2850.0,,,,0
IDS2401_C5_52,,,,,,2850.0,,,,0
IDS2401_C7_52,,,,,,2850.0,,,,0
IDS2435_C1_52,,,,,,2780.0,,,,-1
IDS2435_C2_52,,,,,,2780.0,,,,0
IDS2435_C3_52,,,,,,2780.0,,,,1
IDS2435_C4_52,,,,,,2780.0,,,,1
IDS2466_C1P_54,,,,,,2590.0,,,,1
IDS2466_C2P_54,,,,,,2590.0,,,,1
IDS2466_C3P_54,,,,,,2590.0,,,,0
IDS2467_C2_51,,,,,,2590.0,,,,0
IDS2468_C1_54,,,,,,2780.0,,,,0
IDS2468_C2_54,,,,,,2780.0,,,,0
IDS2472_C1_52,,,,,,2780.0,,,,0
IDS2472_C2_52,,,,,,2780.0,,,,0
IDS2472_C3_52,,,,,,2780.0,,,,1
IDS2476_C3_62,,,,,,2590.0,,,,2
IDS2477_C1_56,,,,,,2590.0,,,,0
IDS2477_C2_56,,,,,,2590.0,,,,2
IDS2477_C3_56,,,,,,1080.0,,,,1
IDS2479_C2_51,,,,,,2590.0,,,,0
IDS2479_C3_51,,,,,,972.0,,,,1
IDS2481_C8_59,,,,,,2780.0,,,,1
IDS2486_C1_53,,,,,,2780.0,,,,0
IDS2486_C3_53,,,,,,2780.0,,,,0
IDS2489_C1_59,,,,,,2850.0,,,,0
IDS2486_C2_53,,,,,,2780.0,,,,1
IDS2489_C2_59,,,,,,2850.0,,,,1
IDS2489_C3_59,,,,,,2850.0,,,,1
IDS2489_C4_59,,,,,,2850.0,,,,1
IDS2490_C1_60,,,,,,2850.0,,,,-1
IDS2490_C2_60,,,,,,2850.0,,,,0
IDS2490_C3_60,,,,,,2850.0,,,,0
IDS2491_C2_57,,,,,,2950.0,,,,0
IDS2500_C10_58,,,,,,2350.0,,,,-1
IDS2500_C11_58,,,,,,980.0,,,,0
IDS2500_C26_58,,,,,,2350.0,,,,0
IDS2500_C29_58,,,,,,2590.0,,,,-1
IDS2500_C32_58,,,,,,2780.0,,,,0
IDS2500_C33_58,,,,,,2350.0,,,,0
IDS2500_C37_58,,,,,,2590.0,,,,0
IDS2500_C38_58,,,,,,2350.0,,,,0
IDS2500_C39_58,,,,,,2350.0,,,,0
IDS2500_C40_58,,,,,,2590.0,,,,-1
IDS2500_C41_58,,,,,,1080.0,,,,0
IDS2500_C42_58,,,,,,2780.0,,,,0
IDS2500_C44_58,,,,,,2780.0,,,,0
IDS2500_C46_58,,,,,,2780.0,,,,0
IDS2500_C48_58,,,,,,2780.0,,,,0
IDS2500_C49_58,,,,,,2590.0,,,,0
IDS2500_C50_58,,,,,,2590.0,,,,0
IDS2500_C52_58,,,,,,2590.0,,,,-1
IDS2500_C55_58,,,,,,2590.0,,,,0
IDS2500_C56_58,,,,,,2590.0,,,,0
IDS2500_C57_58,,,,,,2350.0,,,,0
IDS2500_C9P_58,,,,,,2590.0,,,,0
IDS2502_C1P_55,,,,,,1220.0,,,,0
IDS2502_C2P_55,,,,,,2950.0,,,,1
IDS2502_C3P_55,,,,,,2950.0,,,,1
IDS2502_C4P_55,,,,,,2950.0,,,,-1
IDS2503_C1_58,,,,,,2950.0,,,,0
IDS2503_C3_58,,,,,,2950.0,,,,1
IDS2508_C10P_58,,,,,,2950.0,,,,0
IDS2508_C11P_58,,,,,,2950.0,,,,0
IDS2508_C2_58,,,,,,2850.0,,,,0
IDS2508_C3_58,,,,,,2850.0,,,,0
IDS2508_C7_58,,,,,,2850.0,,,,-1
IDS2508_C8_58,,,,,,2850.0,,,,2
IDS2509_C1_57,,,,,,2850.0,,,,-1
IDS2509_C3_57,,,,,,2850.0,,,,0
IDS2509_C5_57,,,,,,1071.0,,,,0
IDS2509_C6_57,,,,,,2850.0,,,,0
"SUNGLASSES,PROTACTIVE",,,,,,100.0,,,,204
WHITE GLASS KT,,,,,,300.0,,,,-1
IDS2509_C7_57,,,,,,2950.0,,,,-1
IDS2427_C2_61,,,,,,2350.0,,,,-1
ID1508_C1_54,,,,,,2160.0,,,,6
ID1508_C3_54,,,,,,2160.0,,,,8
IDS2441_C1_72,,,,,,2350.0,,,,-1
IDS2427_C9P_61,,,,,,2780.0,,,,-1
TI_G153SPFSCB_60,,,,,,2095.0,,,,-1
ID1543_C3_54,,,,,,2250.0,,,,-1
IDS2332_C2_56,,,,,,2590.0,,,,-1
ID1541_C1_53,,,,,,1950.0,,,,0
IDS2404_C2_57,,,,,,2950.0,,,,0
IDS2414_C3_62,,,,,,2950.0,,,,-1
WHITE KT,,,,,,400.0,,,,-1
VO4091BI_84873_56,,,,,,4390.0,,,,2
VO4101SI_84813_55,,,,,,4390.0,,,,0
VO4106S_84880_55,,,,,,7190.0,,,,1
VO4140_5078_53,,,,,,6890.0,,,,1
VO4106S_84813_55,,,,,,7190.0,,,,1
VO5183S_W4411_58,,,,,,4290.0,,,,3
VO5119SI_W65613_56,,,,,,4290.0,,,,5
VO4092BI_507448_56,,,,,,4390.0,,,,0
VO4097S_28087_58,,,,,,6190.0,,,,1
VO4101SI_84811_55,,,,,,4390.0,,,,1
VO5119SI_W4411_56,,,,,,4290.0,,,,2
VO5119SI_W445A_56,,,,,,4290.0,,,,2
VO5271S_272611_53,,,,,,5090.0,,,,1
VO5271S_272813_53,,,,,,5090.0,,,,1
VO5271S_W4487_53,,,,,,5090.0,,,,1
VO5271S_272920_53,,,,,,5090.0,,,,0
VO5271S_238673_53,,,,,,5090.0,,,,1
VO5280SB_260569_57,,,,,,7190.0,,,,0
VO5280SB_W4487_57,,,,,,7190.0,,,,0
VO5282SB_W4487_54,,,,,,7190.0,,,,2
VO5269SI_W4411_56,,,,,,4390.0,,,,3
VO5269SI_W65613_56,,,,,,4390.0,,,,4
VO5211S_W4411_54,,,,,,7190.0,,,,3
VO5211S_W4487_57,,,,,,5590.0,,,,1
VO5270S_W4487_57,,,,,,2655.0,,,,1
VO5270S_27004Q_57,,,,,,5590.0,,,,0
VO5215S_23860L_51,,,,,,5090.0,,,,1
VO5230S_25547E_54,,,,,,5790.0,,,,0
VO5284S_27210K_32,,,,,,7190.0,,,,1
VO5205S_2547E_62,,,,,,5590.0,,,,1
VO5242S_W65613_50,,,,,,5590.0,,,,1
VO5283S_272573_54,,,,,,7190.0,,,,2
VO5283S_27248Z_54,,,,,,7190.0,,,,1
VO5283S_260513_54,,,,,,7190.0,,,,1
VO5205S_25547E_62,,,,,,5590.0,,,,-1
VO5284S_W44AE_32,,,,,,7190.0,,,,1
VO5284S_27206V_32,,,,,,7190.0,,,,1
VO5284S_267911_32,,,,,,7190.0,,,,1
VO5284S_W4487_32,,,,,,7190.0,,,,1
VO5283S_W4484_54,,,,,,7190.0,,,,1
VO5282S_272276_54,,,,,,7190.0,,,,1
VO5282S_260569_54,,,,,,7190.0,,,,1
VO5282SB_269384_54,,,,,,7190.0,,,,1
VO5282SB_260480_54,,,,,,7190.0,,,,1
VO5165S_W65613_55,,,,,,6190.0,,,,0
VO5183SI_W4411_58,,,,,,4290.0,,,,2
VO5009BI_18678H_58,,,,,,3990.0,,,,1
VO5051S_25395A_52,,,,,,5090.0,,,,0
VO5033S_238836_54,,,,,,4990.0,,,,0
VO4140_280_53,,,,,,6890.0,,,,1
VO4104S_2807A_57,,,,,,6190.0,,,,1
VO4055SI_99613_57,,,,,,4290.0,,,,-2
VO4002S_934S13-55,,,,,,5090.0,,,,1
VO4092BI_507514_56,,,,,,4390.0,,,,1
VO4083S_84811_55,,,,,,7190.0,,,,2
VO4002S_995S11_55,,,,,,4790.0,,,,1
VO4097S_84813_58,,,,,,6190.0,,,,2
VO3990SI_28013_55,,,,,,4290.0,,,,0
VO3990SI_54836_55,,,,,,2420.0,,,,-3
VO3990SI_84811_55,,,,,,4290.0,,,,0
VO3991SI_28013_58,,,,,,3490.0,,,,3
VO3991SI_35211_58,,,,,,3490.0,,,,1
VO3997S_848T5_58,,,,,,6190.0,,,,1
VO3997S_93413_58,,,,,,4790.0,,,,1
VO3983S_548S13_58,,,,,,5490.0,,,,1
VO2934SB_W4411_55,,,,,,6690.0,,,,5
2993S_18808E_57,,,,,,5490.0,,,,1
VO2695S_234611,,,,,,4590.0,,,,1
VO4055SI_502214_57,,,,,,4290.0,,,,0
VO3991SI_81314_58,,,,,,3490.0,,,,1
VO4089S_3526G_60,,,,,,5790.0,,,,1
VO4081S_32387_55,,,,,,6190.0,,,,0
VO4089S_84813_60,,,,,,5790.0,,,,0
VO4081S_84813_55,,,,,,5790.0,,,,0
VO4112S_50757E_56,,,,,,6690.0,,,,0
VO4112S_84813_56,,,,,,6690.0,,,,0
VO5242S_W4411_50,,,,,,5590.0,,,,0
ID1248_C8_50,,,,,,0.0,,,,1
ID1331_C2_46,,,,,,1975.0,,,,1
ID1333_C4_47,,,,,,2590.0,,,,0
ID1426_C2_53,,,,,,1990.0,,,,5
ID1426_C4_53,,,,,,1990.0,,,,1
ID1427_C5_53,,,,,,1990.0,,,,2
ID1428_C1_42,,,,,,1990.0,,,,3
ID1426_C1_49,,,,,,0.0,,,,1
ID1428_C2_42,,,,,,1990.0,,,,1
VO5008SI_236214_57,,,,,,3490.0,,,,-1
VO2870_235811_52,,,,,,4290.0,,,,-1
VO5013I_2048_54,,,,,,3490.0,,,,-1
IDS2404_C7P_57,,,,,,2590.0,,,,-1
ID1213c2_54,,,,,,1990.0,,,,1
ID1256_C5_53,,,,,,1800.0,,,,0
ID1297_C3_52,,,,,,1990.0,,,,1
ID1303_C3_54,,,,,,1990.0,,,,3
ID1134_C2_49,,,,,,2080.0,,,,1
ID1286_C4_54,,,,,,1990.0,,,,1
ID1474_C7_54,,,,,,2450.0,,,,0
ID1474_C5_54,,,,,,2450.0,,,,1
ID1460_C2_54,,,,,,1990.0,,,,1
ID1471_C5_50,,,,,,2250.0,,,,1
ID1475_C7_48,,,,,,2450.0,,,,1
ID1478_C4_53,,,,,,2250.0,,,,3
ID1479_C4_50,,,,,,2250.0,,,,2
ID1480_C4_51,,,,,,2390.0,,,,1
ID1484_C3_51,,,,,,2650.0,,,,1
ID1485_C6_49,,,,,,2450.0,,,,1
ID1486_C4_50,,,,,,2050.0,,,,1
ID1487_C6_51,,,,,,2450.0,,,,1
ID1495_C2_51,,,,,,2650.0,,,,2
VO5119S_W445A_56,,,,,,4290.0,,,,-4
VO5269S_1887H9_56,,,,,,4390.0,,,,-1
ID1508_C5_54,,,,,,2160.0,,,,3
ID1541-C5_53,,,,,,1950.0,,,,1
ID1541_C7_53,,,,,,1950.0,,,,5
ID1561_C1_51,,,,,,2450.0,,,,8
ID1546_C6_52,,,,,,2590.0,,,,1
ID152_C5_51,,,,,,2450.0,,,,1
ID1542_C1_54,,,,,,1950.0,,,,2
ID1495_C5_51,,,,,,2650.0,,,,1
ID1483_C1_50,,,,,,2450.0,,,,0
ID1545_C5_54,,,,,,2450.0,,,,1
ID1559_C2_51,,,,,,2450.0,,,,1
ID1561_C3_51,,,,,,2450.0,,,,1
ID1562_C4_51,,,,,,2450.0,,,,1
ID1562_C5_51,,,,,,2450.0,,,,1
ID1562_C6_51,,,,,,2450.0,,,,1
ID1562_C7_51,,,,,,2450.0,,,,1
ID1426_C1_53,,,,,,1990.0,,,,2
ID1427_C1_53,,,,,,1990.0,,,,6
ID1246_C2_51,,,,,,1990.0,,,,1
ID1292_C3_52,,,,,,1990.0,,,,1
ID1296_C4_50,,,,,,1990.0,,,,1
ID1441_C3_49,,,,,,2450.0,,,,1
ID1375_C3_53,,,,,,2250.0,,,,1
ID1562_C3_51,,,,,,2450.0,,,,1
ID1425_C4_48,,,,,,1990.0,,,,1
CRHC,,,,,,150.0,,,,41
FULL SHEET,,,,,,300.0,,,,-4
PLANO KTPG,,,,,,900.0,,,,-1
Plaino KT,,,,,,200.0,,,,0
ID1474_C2_54,,,,,,2450.0,,,,-1
ID1548_C3_51,,,,,,2450.0,,,,1
ID1512_C4_46,,,,,,2160.0,,,,0
VO2943SB_W4411_55,,,,,,0.0,,,,-5
BABY SHEET FRAME 1,,,,,,300.0,,,,-2
DJ3179_C1_51,,,,,,1800.0,,,,1
DJ3179_C3_51,,,,,,1800.0,,,,1
DJ3179_C5_51,,,,,,1800.0,,,,1
DJ3178_C1_49,,,,,,1800.0,,,,1
DJ9075_C1_51,,,,,,3590.0,,,,1
DJ9075_C2_51,,,,,,3590.0,,,,1
DJ9075_C3_51,,,,,,3590.0,,,,1
DJ9102_C1_52,,,,,,3590.0,,,,1
DJ9071_C1_47,,,,,,3490.0,,,,1
DJ9071_C2_47,,,,,,3490.0,,,,1
DJ9122_C2_50,,,,,,0.0,,,,1
DJ9101_C2_50,,,,,,4225.0,,,,1
DJ9038_C1_57,,,,,,3200.0,,,,2
DJ9038_C2_57,,,,,,3200.0,,,,2
DJ9105_C1_51,,,,,,3490.0,,,,1
DJ9105_C2_51,,,,,,3490.0,,,,1
DJ9135_C4_48,,,,,,2750.0,,,,1
DJ9135_C5_48,,,,,,2750.0,,,,1
DJ2070_C1_49,,,,,,1550.0,,,,1
DJ2070_C646_49,,,,,,1550.0,,,,1
DJ2062_C1_53,,,,,,1490.0,,,,1
DJ2062_548_53,,,,,,1490.0,,,,-1
DJ2018_C650_48,,,,,,1975.0,,,,1
DJ2100_C1_49,,,,,,1990.0,,,,1
DJ1809_C1_53,,,,,,1125.0,,,,0
DJ1809_C219_53,,,,,,1000.0,,,,2
DJ1809_C605_53,,,,,,1000.0,,,,2
DJ1801_C1_53,,,,,,1175.0,,,,1
DJ1801_C146_53,,,,,,1175.0,,,,1
DJ1801_C326_53,,,,,,1175.0,,,,1
DJ1801_C592_53,,,,,,1175.0,,,,1
DJ1801_C604_53,,,,,,1175.0,,,,1
DJ1801_C701_53,,,,,,1175.0,,,,1
DJ2098_C1_49,,,,,,2225.0,,,,0
DJ2098_C226_49,,,,,,2225.0,,,,1
DJ2096_C1_50,,,,,,2225.0,,,,1
DJ2096_C225_50,,,,,,2225.0,,,,1
DJ2096_C226_50,,,,,,2225.0,,,,1
DJ2050_C1_48,,,,,,1550.0,,,,2
DJ2050_C225_48,,,,,,1550.0,,,,2
DJ2050_C234_50,,,,,,1550.0,,,,1
DJ2050_C372_48,,,,,,1550.0,,,,1
DJ2084_C227_47,,,,,,1625.0,,,,1
DJ3197_C1_53,,,,,,1725.0,,,,1
DJ3197_C6_53,,,,,,1725.0,,,,1
DJ2076_C1_50,,,,,,1450.0,,,,1
DJ2076_C371_50,,,,,,1450.0,,,,2
DJ2076_C614_50,,,,,,1450.0,,,,1
DJ2076_C230_50,,,,,,1450.0,,,,2
DJ2076_C225_50,,,,,,1450.0,,,,2
DJ2074_C13_52,,,,,,1450.0,,,,2
DJ2074_C219_54,,,,,,1450.0,,,,4
DJ2126_C39_52,,,,,,1990.0,,,,1
DJ2126_C640_50,,,,,,1990.0,,,,1
DJ9105_C3_51,,,,,,3490.0,,,,1
AG1107_C4_50,,,,,,4250.0,,,,1
AG1109_C4_51,,,,,,3950.0,,,,1
AG1110_C2_53,,,,,,4490.0,,,,0
AG1147_C5_51,,,,,,3990.0,,,,1
AG1147_C1_51,,,,,,3990.0,,,,1
AG1148_C4_52,,,,,,3990.0,,,,0
AG1152_C3_53,,,,,,3990.0,,,,1
AG1086_C1_54,,,,,,3490.0,,,,1
AG1086_C2_54,,,,,,3490.0,,,,1
AG1098_C4_49,,,,,,3990.0,,,,1
AG8004_C3_49,,,,,,1990.0,,,,0
AG8004_C4_49,,,,,,1990.0,,,,1
AG1093_C2_53,,,,,,3490.0,,,,1
AG1115_C1_52,,,,,,4225.0,,,,1
AG1115_C2_52,,,,,,4225.0,,,,1
AG1138_C1_53,,,,,,4225.0,,,,1
AG4018_D_52,,,,,,2735.0,,,,1
AG4018_BLK_52,,,,,,2735.0,,,,0
AG4018_BD_52,,,,,,2735.0,,,,1
AG1131_C5_52,,,,,,3725.0,,,,1
AG1111_C4_53,,,,,,4225.0,,,,1
AG1094_C3_53,,,,,,3725.0,,,,1
AG1094_C4_53,,,,,,3725.0,,,,0
AG1151_C4_50,,,,,,5225.0,,,,1
AG1140_C1_52,,,,,,4725.0,,,,1
AG1140_C3_52,,,,,,4725.0,,,,1
AG1141_C1_52,,,,,,4725.0,,,,1
AG4017_BLK_52,,,,,,2750.0,,,,1
AG4017_D_52,,,,,,2750.0,,,,2
AG2038_C578_50,,,,,,1425.0,,,,1
AG2042_C296_53,,,,,,1425.0,,,,1
AG2103_C1_50,,,,,,1990.0,,,,1
AG2103_C526_52,,,,,,1990.0,,,,1
AG2041_C319_52,,,,,,1425.0,,,,1
AG2054_C228_53,,,,,,1425.0,,,,2
AG1149_C2_52,,,,,,2725.0,,,,1
6 LINE KT,,,,,,600.0,,,,-1
SUNGLASS TRAY,,,,,,450.0,,,,20
CLEANING CLOTH,,,,,,3.85,,,,2000
STRATU,,,,,,300.0,,,,-3
READING CHARGE SIDE,,,,,,500.0,,,,-1
MALT THICK,,,,,,450.0,,,,-1
JUNIOR ROUND METAL,,,,,,300.0,,,,-1
ID1487_C7_51,,,,,,2450.0,,,,0
FT_P161BR1F_M,,,,,,1695.0,,,,1
FT_P161BK2_M,,,,,,1695.0,,,,-1
SMARLECH,,,,,,300.0,,,,-1
DUMONT,,,,,,400.0,,,,-1
SUMMIT,,,,,,300.0,,,,-1
PROGRESSIVE PG,,,,,,1900.0,,,,1
U EYEWEAR,,,,,,250.0,,,,-14
LOUIS,,,,,,350.0,,,,-2
TEENAGER,,,,,,100.0,,,,-30
METAL FULL FRAMES,,,,,,250.0,,,,-1
SEEK,,,,,,300.0,,,,-2
RODENSTOCK,,,,,,350.0,,,,-1
DALTON,,,,,,350.0,,,,-2
JILOPPI,,,,,,300.0,,,,-1
METAL SUPRA,,,,,,200.0,,,,-3
FAMANS AVIATOR,,,,,,600.0,,,,-1
CITYFLYER,,,,,,350.0,,,,-10
RB4068_601_60,,,,,,6790.0,,,,0
TH5709_C1_52,,,,,,0.0,,,,1
TH5705_C5_52,,,,,,0.0,,,,2
TH6000_C2_52,,,,,,0.0,,,,1
TH5704_C2_51,,,,,,6990.0,,,,1
REI18517_NSZ,,,,,,4999.0,,,,1
FT_M032BU1_M,,,,,,0.0,,,,1
VIVIAN,,,,,,200.0,,,,-1
FANCY METAL,,,,,,400.0,,,,-1
CR HC .,,,,,,300.0,,,,-4
SYTIL,,,,,,300.0,,,,-1
NEBERFIT,,,,,,350.0,,,,-2
EXXNON/ALOXCI,,,,,,300.0,,,,-3
CANTY,,,,,,400.0,,,,-1
COMPANY,,,,,,250.0,,,,-2
ALDERPRO,,,,,,300.0,,,,-1
PAINT,,,,,,300.0,,,,-1
BROOKLYN,,,,,,250.0,,,,-1
FISTER,,,,,,400.0,,,,-1
ID1482_C4_51,,,,,,2160.0,,,,-1
ID1482_C6_51,,,,,,2160.0,,,,-1
ID1508_C3_50,,,,,,2160.0,,,,-2
ID1485_C4_50,,,,,,0.0,,,,-1
VO5284S_W44AE_44,,,,,,7190.0,,,,0
VO5282SB_269384_M,,,,,,7190.0,,,,0
VO5132S_249813_52,,,,,,5290.0,,,,-1
VO5166S_25677B_51,,,,,,5590.0,,,,-1
VO5211_S_W4487_54,,,,,,7190.0,,,,-2
VO5283S_260513_M,,,,,,7190.0,,,,0
VO5269S_W4411_44,,,,,,4390.0,,,,0
VO5269S_W65613_M,,,,,,4390.0,,,,0
VO5271S_272611_M,,,,,,5090.0,,,,0
VO5271S_272813_M,,,,,,5090.0,,,,0
VO5271S_238673_M,,,,,,5090.0,,,,0
VO5271S_W4487_44,,,,,,5090.0,,,,0
VO5283S_272573_M,,,,,,7190.0,,,,0
VO5282SB_W4487_44,,,,,,7190.0,,,,0
VO5282SB_260569_M,,,,,,7190.0,,,,0
VO5282SB_272276_M,,,,,,7190.0,,,,0
VO5284S_267911_M,,,,,,7190.0,,,,0
VO5282SB_260480_M,,,,,,7190.0,,,,0
VO5284S_27210K_M,,,,,,7190.0,,,,0
VO5284S_27206V_M,,,,,,7190.0,,,,0
ROTM,,,,,,500.0,,,,-1
VISIT,,,,,,250.0,,,,-2
MIDODIA,,,,,,350.0,,,,-3
POLARE,,,,,,450.0,,,,-1
WHITE GLASS PGCR,,,,,,400.0,,,,0
HAVE,,,,,,400.0,,,,-1
AL LADIES FRAME,,,,,,400.0,,,,-1
HAR BOUR,,,,,,300.0,,,,-1
SHEET WITH ALU SIDE,,,,,,400.0,,,,-1
GALEBO,,,,,,400.0,,,,-1
VO5009BI_16478H_58,,,,,,3990.0,,,,-1
VO2993S_18808E_57,,,,,,5490.0,,,,0
VO2695S_234611_59,,,,,,4590.0,,,,1
VO4002S_934S13_55,,,,,,5090.0,,,,-1
VO5119S_W4411_56,,,,,,3990.0,,,,-2
ID1552_C5_51,,,,,,0.0,,,,-1
SHEET M SIDE,,,,,,450.0,,,,-2
FANCY ROUND M SIDE,,,,,,500.0,,,,-1
MISSHA,,,,,,400.0,,,,-1
STCOKCAR,,,,,,400.0,,,,-2
KONDING,,,,,,300.0,,,,-2
TOP FLEX,,,,,,300.0,,,,-1
STEWART METAL,,,,,,1000.0,,,,-1
TH7920_C2_56,,,,,,8925.0,,,,-1
VO5119_W65613_56,,,,,,3990.0,,,,-1
VO3991S_35211_58,,,,,,3490.0,,,,0
VO3950S_323S11_58,,,,,,3290.0,,,,-2
VO3950S_935S36_58,,,,,,3290.0,,,,-1
V03991_8978H_58,,,,,,3990.0,,,,-1
VO4128_5110_50,,,,,,4990.0,,,,2
VO5272_2727_49,,,,,,4990.0,,,,1
VO4128_5108_50,,,,,,4990.0,,,,1
VO4128_323_52,,,,,,4990.0,,,,1
VO5272_2727_51,,,,,,4990.0,,,,2
VO4128_848_52,,,,,,4990.0,,,,2
VO4128_5109_52,,,,,,4990.0,,,,1
VO5272_2731_51,,,,,,4990.0,,,,2
VO2925BI_2362_51,,,,,,3390.0,,,,2
VO4128_848_50,,,,,,4990.0,,,,2
VO2925BI_1887_53,,,,,,1885.0,,,,-1
VO2925BI_W44_51,,,,,,3390.0,,,,8
VO2925BI_2362_53,,,,,,3390.0,,,,2
VO2925B_2048_53,,,,,,3290.0,,,,-3
VO2925BI_W44_53,,,,,,3390.0,,,,4
VO2925B_1887_51,,,,,,3290.0,,,,0
VO3955BI_280_51,,,,,,3190.0,,,,-3
VO2925BI_2048_51,,,,,,1573.0,,,,-1
VO5042I_W44_51,,,,,,3590.0,,,,-1
VO5010I_2395_51,,,,,,4090.0,,,,1
VO5247I_W656_49,,,,,,3890.0,,,,2
VO5263BI_W656_52,,,,,,3890.0,,,,4
VO5268I_W44_51,,,,,,3890.0,,,,4
VO5263BI_2703-52,,,,,,3890.0,,,,1
VO5010I_W656_51,,,,,,4090.0,,,,1
VO3997S_32348_58,,,,,,5090.0,,,,-1
VO2843_227811_56,,,,,,4590.0,,,,-1
VO4125I_352_51,,,,,,3890.0,,,,1
VO5268I_2702_51,,,,,,3890.0,,,,1
VO5247I_W44_49,,,,,,3890.0,,,,4
VO5010I_W656_53,,,,,,4090.0,,,,1
VO4125I_5115_53,,,,,,3890.0,,,,2
VO5268I_W656_51,,,,,,3890.0,,,,4
VO5227I_W44_52,,,,,,3890.0,,,,3
VO4125I_5078_51,,,,,,3890.0,,,,2
VO4125I_352_53,,,,,,3890.0,,,,1
VO4125I_5078_53,,,,,,3890.0,,,,2
VO5216BI_W656_51,,,,,,4290.0,,,,3
VO4128_5109_50,,,,,,4990.0,,,,1
VO5227I_2362_52,,,,,,3890.0,,,,1
VO3969_352_50,,,,,,3390.0,,,,1
VO4125I_5116_51,,,,,,3890.0,,,,1
VO5272_2731_49,,,,,,4990.0,,,,1
VO5216BI_W44_51,,,,,,4290.0,,,,3
VO5247I_2395_49,,,,,,3890.0,,,,1
VO4128_323_50,,,,,,4990.0,,,,1
VO5276_W44_51,,,,,,5490.0,,,,2
IDS2216_C7_49,,,,,,2250.0,,,,-1
IDS2192_C2_56,,,,,,950.0,,,,-1
IDS2384_C7_53,,,,,,980.0,,,,-1
VO5269S_1887H9_M,,,,,,2085.0,,,,-1
WALNUT FAB,,,,,,2100.0,,,,-1
vo3969I_934_50,,,,,,3390.0,,,,1
VO5227I_W656_52,,,,,,3890.0,,,,4
VO5204I_2477_52,,,,,,4090.0,,,,1
VO3955BI_812_51,,,,,,3190.0,,,,1
VO5276_2736_53,,,,,,5490.0,,,,1
VO5204I_W44_52,,,,,,4090.0,,,,1
VO5204I_W656_52,,,,,,4090.0,,,,2
VO4125I_5116_53,,,,,,0.0,,,,1
VO5247I_1647_49,,,,,,0.0,,,,1
VO5042I_1647_51,,,,,,3590.0,,,,1
VO5243SB_266920_53,,,,,,6690.0,,,,0
VO5061SB_W4487_53,,,,,,5590.0,,,,1
VO5166S_W4411_51,,,,,,5290.0,,,,0
VO5212S_W65613_55,,,,,,6190.0,,,,1
VO3990S_81314_55,,,,,,4290.0,,,,0
VO5031S_238613_58,,,,,,2773.0,,,,-1
VO5164S_W4411_52,,,,,,6190.0,,,,0
VO5134S_25318H_55,,,,,,5290.0,,,,0
VO5222S_238613_52,,,,,,5090.0,,,,0
VO5211S_W4487_54,,,,,,7190.0,,,,2
VO5164S_W65613_52,,,,,,6190.0,,,,0
VO5183S_W65613_58,,,,,,4290.0,,,,0
VO5166S_256613_51,,,,,,5590.0,,,,-1
VO4130S_50740L_56,,,,,,6190.0,,,,0
BABY SUNGLASS,,,,,,100.0,,,,12
INB4004B_C0L B_49,,,,,,995.0,,,,1
VO2968_2326_54,,,,,,4990.0,,,,1
VO2998_2409_54,,,,,,5190.0,,,,1
VO4119_5078_51,,,,,,5990.0,,,,1
VO2998_2386_54,,,,,,5490.0,,,,1
VO4119_5078_53,,,,,,5990.0,,,,1
VO3839I_352S_51,,,,,,3090.0,,,,0
VO2998_2407_52,,,,,,4990.0,,,,1
VO5002B_2321_52,,,,,,6390.0,,,,0
VO2968_2326_52,,,,,,4990.0,,,,1
VO2787_2061_51,,,,,,3990.0,,,,1
VO3930BI_848_52,,,,,,3690.0,,,,1
VO4013_997_53,,,,,,5690.0,,,,1
VO3947_352_52,,,,,,0.0,,,,1
VO3981_979S_52,,,,,,4590.0,,,,1
VO3981_548_52,,,,,,4590.0,,,,2
VO3981_352_54,,,,,,4590.0,,,,1
VO4008I_548_53,,,,,,3690.0,,,,0
VO4008_5012_51,,,,,,3790.0,,,,1
VO3768I_812S_50,,,,,,3490.0,,,,1
VO3768I_352_50,,,,,,3490.0,,,,1
VO2890_W827_51,,,,,,5990.0,,,,1
VO2864_2183_52,,,,,,4990.0,,,,1
VO2936_2287_54,,,,,,4990.0,,,,1
VO2908_W656_53,,,,,,4990.0,,,,0
VO2908_W44_53,,,,,,4990.0,,,,0
VO4138S_28069_56,,,,,,7190.0,,,,0
VO5230S_W65613_54,,,,,,6190.0,,,,1
VO4139SB_50758Z_54,,,,,,7190.0,,,,1
FT_C056PR2F_M,,,,,,1995.0,,,,-2
FT_P182BK2F_M,,,,,,1295.0,,,,1
FT_P383BR5_M,,,,,,650.0,,,,-1
B&L SOFTLENS TORIC,,,,,,400.0,,,,0
DL5134V_A05_53,,,,,,6925.0,,,,1
DL5122V_005_53,,,,,,6925.0,,,,1
DL5072O_052_53,,,,,,6925.0,,,,1
DL5107O_002_55,,,,,,6925.0,,,,1
KC0212_052_54,,,,,,7000.0,,,,1
KC0240_62R_51,,,,,,7000.0,,,,1
KC1253S_52F_60,,,,,,3125.0,,,,1
INB4004_COLB_49,,,,,,2475.0,,,,2
INB4004_COLA_49,,,,,,2475.0,,,,1
INB3909C_019_55,,,,,,4500.0,,,,1
INB4004_COLC_49,,,,,,2475.0,,,,1
DL5092_001_53,,,,,,6925.0,,,,1
DL5134V_A56_53,,,,,,6925.0,,,,1
DL5218V_068_53,,,,,,6925.0,,,,1
KC1288_08B_58,,,,,,3125.0,,,,1
KC1288_32E_58,,,,,,3125.0,,,,1
KC1234_53F_62,,,,,,3125.0,,,,2
FT_P256PR2F_M,,,,,,2295.0,,,,-1
VO2961_W827_53,,,,,,4990.0,,,,-1
VO4001_999S_50,,,,,,4790.0,,,,-1
ID709_C1_M,,,,,,1800.0,,,,-1
CK3154S_001_62,,,,,,9000.0,,,,-1
CK4260S_196_55,,,,,,9000.0,,,,-1
FT_M154BR2_M,,,,,,1995.0,,,,-2
VO4016BI_848_53,,,,,,3890.0,,,,-3
RX5337_2012_52,,,,,,5090.0,,,,-1
CUP GIGGLE,,,,,,100.0,,,,-5
ID1564_C1_51,,,,,,2450.0,,,,-1
RB3025_00451_62,,,,,,8890.0,,,,1
CK1145SK_975_59,,,,,,8750.0,,,,-1
PG 6LINE,,,,,,350.0,,,,1
FT_P101BR2_M,,,,,,1699.0,,,,-1
FT_P264BU1_M,,,,,,1999.0,,,,0
FT_P192BR2_M,,,,,,1299.0,,,,0
FT_P299OR2_M,,,,,,1999.0,,,,0
FT_M062BK1_M,,,,,,2899.0,,,,0
FT_M050BU2_M,,,,,,2699.0,,,,0
FT_PC001BK19_M,,,,,,1399.0,,,,0
FT_PC001BK22_M,,,,,,1399.0,,,,0
FT_P357BR3_M,,,,,,799.0,,,,0
FT_P357BK5P_M,,,,,,1399.0,,,,0
FT_PC001GL27_M,,,,,,995.0,,,,0
FT_P360GR1_M,,,,,,1699.0,,,,0
TH1502_C2_55,,,,,,0.0,,,,1
TH2519_C2_54,,,,,,0.0,,,,2
TH2527_C1_62,,,,,,0.0,,,,2
TH2527_C3_62,,,,,,0.0,,,,1
TH2529_C1_49,,,,,,0.0,,,,1
TH2529_C2_49,,,,,,0.0,,,,1
TH2530_C4_51,,,,,,8190.0,,,,2
TH826_C3_52,,,,,,0.0,,,,1
TH828_C1S_52,,,,,,0.0,,,,1
TH828_C2_57,,,,,,0.0,,,,1
TH828_C3_57,,,,,,0.0,,,,1
TH843_C1_52,,,,,,0.0,,,,1
TH843_C2_52,,,,,,0.0,,,,1
TH843_C3_52,,,,,,0.0,,,,1
TH843_C4_52,,,,,,0.0,,,,1
TH843_C5_52,,,,,,0.0,,,,1
TH844_C1S_53,,,,,,0.0,,,,2
TH844_C2_53,,,,,,0.0,,,,2
TH844_C4_53,,,,,,0.0,,,,2
TH846_C1_58,,,,,,0.0,,,,1
TH6118_C1_47,,,,,,0.0,,,,1
TH7898_C2_55,,,,,,0.0,,,,1
TH7898_C5_55,,,,,,0.0,,,,1
TH7898_C8_55,,,,,,0.0,,,,1
TH7910_C4_55,,,,,,0.0,,,,1
TH7912_C3_60,,,,,,8590.0,,,,2
TH7976_C2_52,,,,,,0.0,,,,1
TH7981_C4_58,,,,,,6900.0,,,,1
TH815_C1_48,,,,,,0.0,,,,1
TH817_C2_52,,,,,,0.0,,,,1
TH826_C1_52,,,,,,0.0,,,,1
TH826_C2_52,,,,,,5130.0,,,,1
TH2536_C1_55,,,,,,8190.0,,,,1
TH2537_C2_55,,,,,,8190.0,,,,1
TH2538_C1_59,,,,,,7900.0,,,,1
TH2543_C1_59,,,,,,8190.0,,,,1
TH2544_C2_60,,,,,,8590.0,,,,0
TH3159_C2_51,,,,,,6260.0,,,,1
TH3166_C5_47,,,,,,6260.0,,,,1
TH5709_C2_52,,,,,,0.0,,,,1
TH5709_C5_52,,,,,,0.0,,,,1
TH5709_C6_52,,,,,,0.0,,,,1
TH5734_C3_52,,,,,,0.0,,,,1
TH6000_C6_52,,,,,,0.0,,,,1
TH846_C2_58,,,,,,0.0,,,,1
TH846_C3_58,,,,,,0.0,,,,1
TH846_C4_47,,,,,,0.0,,,,1
TH846_C5_58,,,,,,0.0,,,,1
TH846_C6_58,,,,,,0.0,,,,1
TH846_C7_58,,,,,,0.0,,,,1
TH846_C8_58,,,,,,0.0,,,,1
TH9000_C2_57,,,,,,9900.0,,,,1
TH9000_C4_49,,,,,,9900.0,,,,1
TH9711_C2_53,,,,,,0.0,,,,1
TH9711_C3_53,,,,,,8000.0,,,,2
TH9711_C4_53,,,,,,8000.0,,,,1
VO5002B_W44_52,,,,,,6390.0,,,,1
VO5002B_W656_54,,,,,,6390.0,,,,0
IDS2427_C4_M,,,,,,0.0,,,,1
IDS1899_C4_M,,,,,,0.0,,,,2
IDS2353_C1_M,,,,,,0.0,,,,2
IDS2353_C4_M,,,,,,0.0,,,,1
IDS2435_C1_M,,,,,,0.0,,,,1
IDS2500_C24_M,,,,,,0.0,,,,1
IDS2500_C28_M,,,,,,0.0,,,,1
IDS2500_C29_M,,,,,,0.0,,,,1
IDS2500_C30_M,,,,,,0.0,,,,1
IDS2500_C40_M,,,,,,0.0,,,,1
IDS2500_C48_M,,,,,,0.0,,,,2
IDS2500_C51_M,,,,,,0.0,,,,1
IDS2500_C52_M,,,,,,0.0,,,,1
IDS2500_C54_M,,,,,,0.0,,,,1
IDS2509_C1_M,,,,,,0.0,,,,1
VO2795SM_W4411_53,,,,,,5290.0,,,,1
VO2924BI_2065_51,,,,,,3490.0,,,,0
VO3983_964S11_58,,,,,,5490.0,,,,0
VO3990S_54836_55,,,,,,0.0,,,,1
VO4092B_507514_56,,,,,,0.0,,,,1
VO2940S_229648_58,,,,,,5290.0,,,,2
VO5009B_16478H_58,,,,,,0.0,,,,1
VO4092B_507448_56,,,,,,0.0,,,,1
VO4091B_84873_56,,,,,,0.0,,,,1
VO4055S_502214_57,,,,,,0.0,,,,1
VO4055S_99613_57,,,,,,0.0,,,,1
VO3990S_84811_55,,,,,,0.0,,,,1
VO5205S_25547_66,,,,,,5590.0,,,,2
TI_G163PAVL9G_63,,,,,,0.0,,,,0
VO2925B_W44_51,,,,,,3390.0,,,,-3
IDS2399_C3_M,,,,,,0.0,,,,1
IDS2405_C5P_57,,,,,,2350.0,,,,-1
IDS2408_C3_53,,,,,,1154.0,,,,-2
IDS2441_C2_72,,,,,,2350.0,,,,-1
IDS2423_C5_53,,,,,,2350.0,,,,0
VO4008I_5012_51,,,,,,3790.0,,,,0
FT_C046BR3_M,,,,,,1850.0,,,,-5
IDS2399_C3_49,,,,,,2150.0,,,,-1
PA7086_C02_M,,,,,,3750.0,,,,0
FT_P358BU3_M,,,,,,899.0,,,,0
OX8090_08_55,,,,,,0.0,,,,1
Biotrue_60,,,,,,160.0,,,,1
Renu_LensSolution_120,,,,,,270.0,,,,1
Renu_LensSolution_60,,,,,,145.0,,,,1
TH822_C1_52,,,,,,6250.0,,,,0
FT_P333BK1_M,,,,,,2099.0,,,,0
FT_P260BR1_70,,,,,,2499.0,,,,0
FT_M069BR1_M,,,,,,2150.0,,,,0
FT_M068BK8P_65,,,,,,2899.0,,,,0
FT_C060BK2_M,,,,,,2150.0,,,,0
FT_C088RD3_M,,,,,,2699.0,,,,0
FT_M035BK4P_M,,,,,,2899.0,,,,0
FT_M050GR3_64,,,,,,2699.0,,,,0
FT_M062BR3_M,,,,,,2150.0,,,,-1
FT_M062GR2_M,,,,,,2495.0,,,,0
FT_M069BK3_M,,,,,,2150.0,,,,0
FT_M138BR6P_M,,,,,,2099.0,,,,0
FT_M165YL7_M,,,,,,2299.0,,,,0
FT_M186GR2P_M,,,,,,2099.0,,,,0
FT_P180BR1F_M,,,,,,1299.0,,,,1
FT_P190BK3P_M,,,,,,1999.0,,,,0
FT_P192GR1_M,,,,,,1299.0,,,,0
FT_P223GR3P_M,,,,,,1699.0,,,,0
FT_P230BK1_M,,,,,,1566.0,,,,0
FT_P230BR4P_M,,,,,,1999.0,,,,0
FT_P230GR3P_M,,,,,,2099.0,,,,0
FT_P294BU2_M,,,,,,1399.0,,,,0
FT_P299BU1_M,,,,,,1699.0,,,,0
FT_P300BR2_M,,,,,,1999.0,,,,-1
FT_P300GR3_M,,,,,,2099.0,,,,0
FT_P308BR3F_M,,,,,,1799.0,,,,0
FT_P314BR3_M,,,,,,1699.0,,,,0
FT_P315GR4P_M,,,,,,1699.0,,,,0
FT_P322BK3P_M,,,,,,1999.0,,,,0
FT_P323BK1_M,,,,,,1999.0,,,,-1
FT_P335GR2F_M,,,,,,1999.0,,,,0
FT_P341BK1_M,,,,,,2212.0,,,,0
FT_PC001BK30P_M,,,,,,1399.0,,,,0
FT_PC001BR23_53,,,,,,1299.0,,,,2
FT_PC001BR31P_M,,,,,,1399.0,,,,0
FT_PC001BU15_54,,,,,,1399.0,,,,2
FT_PC001OR18_M,,,,,,1399.0,,,,0
FT_PC001OR32P_M,,,,,,1399.0,,,,0
FT_U005YL5F_M,,,,,,2499.0,,,,0
TH7976_C1_52,,,,,,8500.0,,,,0
FT_PC001BU15_M,,,,,,1050.0,,,,-2
IZ518_C1_54,,,,,,2225.0,,,,0
IZ518_C2_54,,,,,,2225.0,,,,0
IZ_C2 DRIVING_M,,,,,,1950.0,,,,-1
PA7093_C03_60,,,,,,2950.0,,,,0
VO3969I_352_50,,,,,,3390.0,,,,-1
BLUECUT,,,,,,1000.0,,,,-18
RX6305_2503_54,,,,,,5090.0,,,,0
RX6324_2509_54,,,,,,4290.0,,,,0
RX2547V_2000_53,,,,,,7390.0,,,,1
RX3947V_2500_51,,,,,,7390.0,,,,1
RX3947V_2501_48,,,,,,7390.0,,,,1
RX5312_5537_52,,,,,,4990.0,,,,1
RX6295_2806_49,,,,,,10490.0,,,,1
RX6367_2502_51,,,,,,5290.0,,,,1
RX6390_2928_51,,,,,,4790.0,,,,2
RX6390_2928_53,,,,,,4790.0,,,,1
RX7128_2475_53,,,,,,4590.0,,,,1
RX7033I_5419_52,,,,,,5090.0,,,,1
KC1234_053F_62,,,,,,4000.0,,,,-1
VO3955_280_49,,,,,,3190.0,,,,-1
PGCR.,,,,,,600.0,,,,89
RX6303_2509_53,,,,,,4990.0,,,,0
RX7017_5200_54,,,,,,7290.0,,,,0
FT_M102BR1_M,,,,,,2150.0,,,,0
FT_P101BK1_M,,,,,,1699.0,,,,0
FT_P241BK1_M,,,,,,2099.0,,,,0
FT_P265BR2_58,,,,,,1499.0,,,,0
FT_P304BR1P_M,,,,,,1999.0,,,,0
FT_P313PR2F_M,,,,,,1699.0,,,,0
FT_P329BK2_M,,,,,,1999.0,,,,0
FT_P335BR1F_M,,,,,,1999.0,,,,1
FT_P358BK4P_M,,,,,,1399.0,,,,0
FT_P360BR4_M,,,,,,1699.0,,,,0
FT_P383PR11_M,,,,,,1399.0,,,,0
FT_PC001BK5_M,,,,,,950.0,,,,0
TH2515_C3_50,,,,,,8625.0,,,,0
TH2529_C3_49,,,,,,8900.0,,,,0
TH2529_C4_49,,,,,,8900.0,,,,0
TH2530_C2_51,,,,,,8190.0,,,,0
TH2543_C3_59,,,,,,8190.0,,,,0
TH2544_C1_60,,,,,,8590.0,,,,0
FT_C077BK1_M,,,,,,1895.0,,,,0
FT_C078BR2F_M,,,,,,1795.0,,,,0
FT_C078BR3F_M,,,,,,1795.0,,,,0
FT_C078YL4F_M,,,,,,2299.0,,,,0
FT_C084BK1F_M,,,,,,1999.0,,,,0
FT_C088BU5_54,,,,,,2599.0,,,,0
FT_M083BR2F_62,,,,,,2699.0,,,,1
FT_M141BR2_M,,,,,,2299.0,,,,0
FT_M142BR2P_M,,,,,,2499.0,,,,0
FT_M146SL3F_M,,,,,,2699.0,,,,0
FT_M149BR1_M,,,,,,2499.0,,,,0
FT_M180SL3F_M,,,,,,2799.0,,,,0
FT_M183BR1_M,,,,,,1999.0,,,,0
FT_P089WH4_M,,,,,,1299.0,,,,2
FT_P176BR1FP_M,,,,,,1895.0,,,,0
FT_P188BR1F_M,,,,,,1299.0,,,,0
FT_P300BR2_56,,,,,,1999.0,,,,1
FT_P302BK1_M,,,,,,1999.0,,,,0
FT_P302BR2_M,,,,,,1799.0,,,,0
FT_P315OR2_M,,,,,,1999.0,,,,0
FT_P339BR1_M,,,,,,2299.0,,,,0
FT_P354BK2_M,,,,,,1299.0,,,,0
FT_P357BR6P_56,,,,,,1399.0,,,,1
FT_PC001BK1_M,,,,,,1299.0,,,,-1
FT_PC001BK25_M,,,,,,1099.0,,,,-1
FT_PC001BK4_M,,,,,,1299.0,,,,0
FT_PC003BK3_M,,,,,,1299.0,,,,0
TH2514_C1_53,,,,,,8970.0,,,,0
TH2514_C2_53,,,,,,8970.0,,,,0
TH2514_C3_53,,,,,,8970.0,,,,0
TH2536_C2_55,,,,,,8190.0,,,,0
TH2536_C3_55,,,,,,8190.0,,,,0
TH2543_C4_59,,,,,,8190.0,,,,0
OO9096_909601_60,,,,,,5890.0,,,,1
OO9102_910226_55,,,,,,7490.0,,,,1
OO9102_910236_55,,,,,,6990.0,,,,1
OO9154_915401_62,,,,,,6390.0,,,,1
OO9262_926268_57,,,,,,6990.0,,,,1
OO9154_915449_62,,,,,,6990.0,,,,1
OO9265_926501_53,,,,,,6990.0,,,,1
FT_M083BR2F_M,,,,,,2150.0,,,,-1
FT_P357BR6P_M,,,,,,1399.0,,,,-1
VO3980_352_52,,,,,,4590.0,,,,-1
VO2855SM_W4411_56,,,,,,3290.0,,,,0
VO2963S_228713_53,,,,,,4590.0,,,,0
VO2778SB_W65613_58,,,,,,6690.0,,,,0
VO2915S_225913_53,,,,,,4790.0,,,,0
VO4049S_84814_55,,,,,,5790.0,,,,0
OO9013_F7_55,,,,,,8190.0,,,,1
OO9188_04_59,,,,,,8690.0,,,,0
OO9264_03_57,,,,,,8090.0,,,,0
OO9265_01_53,,,,,,6990.0,,,,-1
OO9308_06_38,,,,,,8690.0,,,,0
OO9102_C1_55,,,,,,9290.0,,,,0
OO9265_05_53,,,,,,7490.0,,,,0
OO4060_02_61,,,,,,8090.0,,,,0
OO4075_05_60,,,,,,10390.0,,,,0
FT_R040BR2_M,,,,,,0.0,,,,0
ID1152_C1_M,,,,,,0.0,,,,1
ID1153_C4_M,,,,,,0.0,,,,0
ID1508_C3_M,,,,,,0.0,,,,3
ID1544_C1_M,,,,,,0.0,,,,1
ID1544_C7_M,,,,,,0.0,,,,1
ID892_C1_M,,,,,,0.0,,,,0
IDS2404_C7P_M,,,,,,0.0,,,,1
IDS2468_C1_M,,,,,,0.0,,,,1
IDS2490_C1_M,,,,,,0.0,,,,1
IDS2500_C11_M,,,,,,0.0,,,,1
IDS2500_C37_M,,,,,,0.0,,,,1
OO9316_04_63,,,,,,20290.0,,,,2
PC6830_UJM_56,,,,,,0.0,,,,1
PC8827_SSH_55,,,,,,0.0,,,,1
PC8829_MWI_56,,,,,,0.0,,,,1
TI_G192PLMLME_61,,,,,,0.0,,,,1
TI_G244PTFLTA_53,,,,,,0.0,,,,1
VO2789BI_1941_52,,,,,,0.0,,,,1
VO4016_848_51,,,,,,3790.0,,,,0
FT_M165BR15P_M,,,,,,0.0,,,,0
ID1521_C3_M,,,,,,0.0,,,,2
ID1531_C2_M,,,,,,0.0,,,,2
OO9341_05_57,,,,,,6690.0,,,,0
OO9341_07_57,,,,,,8290.0,,,,0
TH2538_C3_59,,,,,,0.0,,,,0
VO2894SB_19613_56,,,,,,0.0,,,,2
VO2959S_230213_54,,,,,,0.0,,,,4
CK3152S_001_57,,,,,,9000.0,,,,0
FT_C046BR3_63,,,,,,0.0,,,,1
FT_M143BK2_M,,,,,,2099.0,,,,0
FT_M165GR1_M,,,,,,0.0,,,,0
FT_M165GR17G_M,,,,,,0.0,,,,0
FT_P190GR2_M,,,,,,0.0,,,,0
FT_P307PR2F_M,,,,,,0.0,,,,0
FT_P312BR1F_M,,,,,,0.0,,,,0
FT_P322BR2_M,,,,,,1395.0,,,,0
FT_P323BU2_M,,,,,,1999.0,,,,0
FT_P324BK3F_M,,,,,,1750.0,,,,0
FT_P380GR3P_M,,,,,,0.0,,,,0
FT_P383BK13_M,,,,,,0.0,,,,0
FT_PC003BK6_M,,,,,,999.0,,,,0
HA_BC1001,,,,,,0.0,,,,0
HA_BT6201,,,,,,0.0,,,,0
HA_FD5001,,,,,,0.0,,,,0
HA_NE6311,,,,,,0.0,,,,0
ID1519_C1_M,,,,,,0.0,,,,0
OO9102_02_55,,,,,,7290.0,,,,0
OO9179_26_57,,,,,,6790.0,,,,0
OO9189_03_60,,,,,,6790.0,,,,0
OO9189_30_60,,,,,,7990.0,,,,0
TH2515_C2_50,,,,,,8625.0,,,,0
TH2519_C1_54,,,,,,0.0,,,,0
TH2537_C1_55,,,,,,0.0,,,,0
TH7912_C1_60,,,,,,0.0,,,,0
TH7921_C3_55,,,,,,0.0,,,,0
TH813_C3_50,,,,,,0.0,,,,0
VO2943SB_201148_55,,,,,,4990.0,,,,0
CK4191S_004_57,,,,,,9000.0,,,,0
CK4216_320_56,,,,,,8750.0,,,,0
CK4224_004_57,,,,,,9000.0,,,,0
CK4261S_060_55,,,,,,9000.0,,,,0
CK5327_060_M,,,,,,7650.0,,,,0
FT_M138BK4_M,,,,,,2199.0,,,,0
FT_M139BR1F_M,,,,,,1495.0,,,,0
FT_M140BU2_M,,,,,,2299.0,,,,0
FT_M150BK2_M,,,,,,2250.0,,,,0
FT_M152BK1_M,,,,,,1895.0,,,,0
FT_M165BR12_M,,,,,,0.0,,,,0
FT_M165BR16P_M,,,,,,0.0,,,,0
FT_M168BK2_M,,,,,,2699.0,,,,0
FT_M168BK3_M,,,,,,2699.0,,,,0
FT_M183GR5P_M,,,,,,2099.0,,,,0
FT_M184SL1F_M,,,,,,2099.0,,,,0
FT_P089GR5P_M,,,,,,1499.0,,,,0
FT_P117BK4P_M,,,,,,2099.0,,,,0
FT_P185BR1F_M,,,,,,1499.0,,,,0
FT_P192BK4P_M,,,,,,0.0,,,,0
ID1027_C3_M,,,,,,0.0,,,,0
ID1033_C4_M,,,,,,0.0,,,,0
ID1038_C4_M,,,,,,1800.0,,,,0
ID1047_C1_M,,,,,,1800.0,,,,0
ID1047_C2_M,,,,,,1800.0,,,,0
ID1047_C3_M,,,,,,0.0,,,,0
ID1207_C3_M,,,,,,1800.0,,,,0
ID1476_C3_M,,,,,,0.0,,,,0
ID1476_C4_M,,,,,,0.0,,,,0
VO4070S_50597B_57,,,,,,6190.0,,,,0
TH7914_C3_48,,,,,,0.0,,,,0
TH7914_C4_48,,,,,,0.0,,,,0
TH7920_C3_56,,,,,,0.0,,,,0
TH7921_C1_55,,,,,,0.0,,,,0
TH7921_C2_55,,,,,,0.0,,,,0
TH7921_C4_55,,,,,,8415.0,,,,0
TH7951_C4_59,,,,,,9920.0,,,,0
TH7952_C1_59,,,,,,7650.0,,,,0
TH7975_C3_50,,,,,,0.0,,,,0
TH7981_C1_58,,,,,,0.0,,,,0
TH7981_C3_58,,,,,,0.0,,,,0
TH813_C2_50,,,,,,0.0,,,,0
TH815_C2_48,,,,,,0.0,,,,0
TH7881_C2_59,,,,,,0.0,,,,1
TH7918_C1_51,,,,,,8925.0,,,,0
TH7977_C1_56,,,,,,8797.0,,,,0
TH5690_C1_52,,,,,,0.0,,,,0
OO9188_16_59,,,,,,10790.0,,,,0
VO2772S_W4411_59,,,,,,3290.0,,,,1
VO2940S_W4471_58,,,,,,4790.0,,,,1
VO2940S_23828F_58,,,,,,4790.0,,,,1
VO4024_5025_50,,,,,,4990.0,,,,1
VO5167_2621_50,,,,,,5490.0,,,,1
VO5167_2554_52,,,,,,5490.0,,,,1
VO2942SB_201148_55,,,,,,7990.0,,,,0
VO5105S_W4487_55,,,,,,5590.0,,,,1
VO4106S_28087_55,,,,,,7190.0,,,,1
VO2915S_231214_53,,,,,,4590.0,,,,1
VO4097S_323H7_58,,,,,,5790.0,,,,1
OO9096_01_60,,,,,,5890.0,,,,-1
FT_M186GR2P_58,,,,,,0.0,,,,1
IDS2408_C3_58,,,,,,2780.0,,,,1
FT_P300GR3_56,,,,,,2099.0,,,,1
VO4101S_84813_57,,,,,,4390.0,,,,1
RX6384I_2509_52,,,,,,5290.0,,,,2
RX7127I_2475_53,,,,,,4590.0,,,,1
OO9102_26_55,,,,,,7490.0,,,,-1
OO9154_01_62,,,,,,6390.0,,,,-1
OO9102_D6_55,,,,,,9790.0,,,,1
FT_PC001BK21_M,,,,,,1050.0,,,,0
TH7881_C3_59,,,,,,0.0,,,,-1
BLUERAY ARC,,,,,,1000.0,,,,2
OO9247_13_57,,,,,,10990.0,,,,0
FT_P366GR2_M,,,,,,0.0,,,,-1
IDS2327_C3_M,,,,,,2590.0,,,,-1
FT_P428BK1_M,,,,,,999.0,,,,-1
AG1125_C5_52,,,,,,0.0,,,,1
AG1124_C1_56,,,,,,0.0,,,,1
AG1137_C5_59,,,,,,0.0,,,,1
AG1125_C2_52,,,,,,0.0,,,,1
AG1123_C2_55,,,,,,0.0,,,,1
AG1124_C4_56,,,,,,0.0,,,,1
AG1104_C4_54,,,,,,0.0,,,,1
AG1104_C3_54,,,,,,0.0,,,,1
AG1123_C5_55,,,,,,0.0,,,,1
AG1164_C1_52,,,,,,0.0,,,,1
AG1171_C4_61,,,,,,0.0,,,,1
AG1164_C2_52,,,,,,0.0,,,,1
AG1175_C6_53,,,,,,0.0,,,,1
AG1175_C3_53,,,,,,0.0,,,,1
AG1171_C3_61,,,,,,0.0,,,,1
AG1172_C1_58,,,,,,0.0,,,,1
AG1172_C2_58,,,,,,0.0,,,,1
DJ9176_C2_59,,,,,,0.0,,,,1
DJ9167_C5_58,,,,,,0.0,,,,1
DJ9167_C1_58,,,,,,0.0,,,,1
DJ9174_C1_58,,,,,,0.0,,,,1
DJ9128_C1_57,,,,,,0.0,,,,1
DJ9175_C1_57,,,,,,0.0,,,,1
AG1136_C4_60,,,,,,0.0,,,,1
DJ9174_C5_58,,,,,,0.0,,,,1
DJ9176_C1_59,,,,,,0.0,,,,1
DJ9128_C3_57,,,,,,0.0,,,,2
DJ9175_C3_57,,,,,,0.0,,,,1
DJ9112_C1_61,,,,,,0.0,,,,1
DJ9125_C2_57,,,,,,0.0,,,,1
DJ9126_C1_59,,,,,,0.0,,,,1
DJ9127_C7_56,,,,,,0.0,,,,1
DJ9127_C3_56,,,,,,0.0,,,,1
DJ9134_C4_55,,,,,,0.0,,,,1
DJ9134_C3_55,,,,,,0.0,,,,2
DJ9113_C1_54,,,,,,0.0,,,,2
DJ9126_C6_59,,,,,,0.0,,,,2
AG1144_C2_52,,,,,,0.0,,,,1
AG1118_C1_52,,,,,,0.0,,,,1
DJ9114_C5_59,,,,,,0.0,,,,1
DJ9132_C1_57,,,,,,0.0,,,,1
DJ9155_C2_59,,,,,,0.0,,,,1
AG1118_C2_52,,,,,,0.0,,,,1
AG1144_C4_52,,,,,,0.0,,,,1
AG1153_C2_55,,,,,,0.0,,,,1
DJ9111_C1_61,,,,,,0.0,,,,1
DJ9155_C3_59,,,,,,0.0,,,,1
DJ9132_C3_57,,,,,,0.0,,,,1
AB1137_C3_59,,,,,,0.0,,,,1
AB1136_C2_60,,,,,,0.0,,,,1
ACCESSORIES(BOXES),,,,,,10.0,,,,0
VO3990SI_81314_55,,,,,,4290.0,,,,-2
FOCUS DAILIES VISITINT SPHERIC 30 - PA(DISPOSABLE CONTACT LENS),,,,,,3000.0,,,,0
RB3025_W3275_55,,,,,,6990.0,,,,0
RB3561_9001A5_57,,,,,,9490.0,,,,0
RB3538_1879A_53,,,,,,10690.0,,,,0
RB3538_18813_53,,,,,,9490.0,,,,0
RB3025_00251_55,,,,,,6490.0,,,,0
RB3025_0145_55,,,,,,5990.0,,,,0
RB3429M_001_58,,,,,,9390.0,,,,0
RB3429M_00133_58,,,,,,9390.0,,,,0
RB3429M_0013F_58,,,,,,9990.0,,,,0
RB3447_0024J_50,,,,,,9490.0,,,,0
RB3448_01457_63,,,,,,8190.0,,,,0
RB3449_0012Y_59,,,,,,9490.0,,,,0
RB3529_02988_61,,,,,,8190.0,,,,0
RB3530_0029A_58,,,,,,10090.0,,,,0
RB3530_0048G_58,,,,,,8890.0,,,,0
RB3533_00113_57,,,,,,7990.0,,,,0
RB3538_1872Y_53,,,,,,10090.0,,,,0
RB4147_60132_56,,,,,,7790.0,,,,0
RB4147_61328G_56,,,,,,7490.0,,,,0
RB4147_60934M_60,,,,,,6990.0,,,,0
RB4165_60171_55,,,,,,6390.0,,,,0
RB4165_622T3_54,,,,,,7990.0,,,,1
RB4165_71013_55,,,,,,5790.0,,,,0
RB4181_601_57,,,,,,6990.0,,,,0
RB4181_60171_57,,,,,,7590.0,,,,0
RB4181_613671_58,,,,,,7790.0,,,,0
RB4202_60714V_55,,,,,,6290.0,,,,0
RB4231_894T5_65,,,,,,11490.0,,,,0
RB4256_60925A_49,,,,,,9490.0,,,,0
RB4346_62507Q_51,,,,,,10090.0,,,,0
RB2140_90257_50,,,,,,10090.0,,,,0
RB3016_114517_51,,,,,,9490.0,,,,0
CRKT.,,,,,,400.0,,,,41
CRHC.CROSS.,,,,,,300.0,,,,150
PGARC.,,,,,,1200.0,,,,3
BE4201_300273_58,,,,,,13000.0,,,,0
FT_P372BK1F_M,,,,,,1899.0,,,,0
FT_P372BR3F_M,,,,,,1899.0,,,,0
IZ279_C3_M,,,,,,2500.0,,,,0
BV2162B_376_53,,,,,,24990.0,,,,1
DG1238_1169_54,,,,,,9210.0,,,,1
RB2132_6052_52,,,,,,7790.0,,,,0
RB2132_62423F_52,,,,,,8290.0,,,,0
RB2132_71051_52,,,,,,8290.0,,,,0
RB2132_89476_52,,,,,,10090.0,,,,0
RB2448N_710_51,,,,,,8290.0,,,,0
RB3025_0024O_58,,,,,,9490.0,,,,1
RB3025_0033E_58,,,,,,6990.0,,,,6
RB3025_0024J_62,,,,,,9490.0,,,,1
RB3025_9002A6_55,,,,,,8890.0,,,,1
RB4179_60171_62,,,,,,0.0,,,,1
DJ1817_C1_56,,,,,,1250.0,,,,1
DJ1817_C219_56,,,,,,1250.0,,,,1
DJ1817_C410_56,,,,,,1250.0,,,,0
DJ1817_C755_56,,,,,,1250.0,,,,1
DJ1818_C1_55,,,,,,1250.0,,,,1
DJ1818_C219_53,,,,,,1250.0,,,,1
DJ1818_C410_53,,,,,,1250.0,,,,1
DJ1818_C610_55,,,,,,1250.0,,,,1
DJ1820_C1_52,,,,,,1250.0,,,,1
DJ1820_C605_54,,,,,,1250.0,,,,1
DJ1820_C760_54,,,,,,1250.0,,,,1
DJ1820_C762_54,,,,,,1250.0,,,,1
DJ1822_C1_50,,,,,,1250.0,,,,1
DJ1822_C2_52,,,,,,1250.0,,,,1
DJ1822_C219_52,,,,,,1250.0,,,,1
DJ1823_C1_54,,,,,,1300.0,,,,1
DJ1823_C410_54,,,,,,1300.0,,,,1
DJ1823_C755_55,,,,,,1300.0,,,,1
DJ1824_C1_53,,,,,,1300.0,,,,1
DJ1824_C524_54,,,,,,1300.0,,,,1
DJ1824_C772_54,,,,,,1300.0,,,,1
DJ1825_C1_55,,,,,,1300.0,,,,1
DJ1825_C2_55,,,,,,1300.0,,,,1
DJ1825_C219_53,,,,,,1300.0,,,,1
AB2113_C1_52,,,,,,1500.0,,,,1
AB2113_C369_52,,,,,,1500.0,,,,1
DJ2115_C227_50,,,,,,0.0,,,,1
DJ2115_C645_50,,,,,,0.0,,,,1
AB2117_C1_52,,,,,,1900.0,,,,1
AB2117_C619_54,,,,,,1900.0,,,,1
AB2116_C1_52,,,,,,2475.0,,,,1
AB2116_C588_50,,,,,,2475.0,,,,1
DJ2120_C1_52,,,,,,0.0,,,,1
DJ2120_C493_50,,,,,,0.0,,,,1
DJ2118_C629_53,,,,,,0.0,,,,1
DJ2118_C637_53,,,,,,0.0,,,,1
AB2108_C540_51,,,,,,1700.0,,,,1
AB2108_C541_53,,,,,,1700.0,,,,1
AB2108_C539_53,,,,,,1700.0,,,,1
AB2109_C1_50,,,,,,1700.0,,,,1
AB2109_C13_52,,,,,,1700.0,,,,1
AB2109_C588_52,,,,,,1700.0,,,,1
AB2114_C1_51,,,,,,1500.0,,,,1
AB2114_C13_53,,,,,,1500.0,,,,1
DJ2112,,,,,,0.0,,,,0
DJ2111_C1_52,,,,,,0.0,,,,1
DJ2119_C1_52,,,,,,0.0,,,,1
DJ2119_C627_52,,,,,,0.0,,,,1
DJ2121_C1_52,,,,,,0.0,,,,1
DJ2121_C637_54,,,,,,0.0,,,,1
DJ2123_C1_49,,,,,,0.0,,,,1
DJ2123_C595_49,,,,,,0.0,,,,1
DJ2123_C635_47,,,,,,0.0,,,,1
AB2125_C657_53,,,,,,1700.0,,,,1
AB2124_C455_50,,,,,,1500.0,,,,1
AB2124_C653_48,,,,,,1500.0,,,,1
DJ2126,,,,,,0.0,,,,1
DJ2127_C668_49,,,,,,0.0,,,,1
DJ2127,,,,,,0.0,,,,0
DJ2128_C410_51,,,,,,0.0,,,,1
DJ2128_C524_51,,,,,,0.0,,,,1
DJ2129_C705_52,,,,,,0.0,,,,1
DJ2130,,,,,,0.0,,,,0
DJ2131_C720_56,,,,,,0.0,,,,1
DJ2131_C724_56,,,,,,0.0,,,,1
DJ2131_C730_56,,,,,,0.0,,,,1
AB2086_C234_53,,,,,,1500.0,,,,1
AB2086_C559_53,,,,,,1500.0,,,,1
AB2085_C1_53,,,,,,1400.0,,,,1
AB2085_C225_53,,,,,,1400.0,,,,1
DJ2091_C225_51,,,,,,0.0,,,,1
DJ2091,,,,,,0.0,,,,0
AB2092_C455_53,,,,,,1500.0,,,,1
AB2092_C581_51,,,,,,1500.0,,,,1
AB2092_C693_53,,,,,,1500.0,,,,1
AB2093_C455_51,,,,,,1500.0,,,,1
AB2093_C457_51,,,,,,1500.0,,,,1
AB2093_C484_53,,,,,,1500.0,,,,1
DJ2094_C410_51,,,,,,0.0,,,,1
DJ2094_C533_51,,,,,,0.0,,,,1
DJ2107,,,,,,0.0,,,,0
DJ2106_C227_48,,,,,,0.0,,,,1
DJ2106,,,,,,0.0,,,,0
DJ2105_C1_54,,,,,,0.0,,,,1
DJ2105_C571_54,,,,,,0.0,,,,1
DJ2105_C734_54,,,,,,0.0,,,,1
DJ2104_C1_52,,,,,,0.0,,,,1
DJ2104_C548_54,,,,,,0.0,,,,1
DJ2104,,,,,,0.0,,,,-1
DJ1804_C606_52,,,,,,1000.0,,,,1
DJ1802_C112_52,,,,,,1100.0,,,,1
DJ1802_C593_52,,,,,,1100.0,,,,1
DJ1803_C603_53,,,,,,1100.0,,,,1
DJ1805_C589_51,,,,,,1000.0,,,,1
DJ1805_C611_51,,,,,,1000.0,,,,1
DJ1806_C219_53,,,,,,1000.0,,,,1
DJ1806_C605_55,,,,,,1000.0,,,,1
DJ1809_C610_53,,,,,,1000.0,,,,1
DJ1809,,,,,,0.0,,,,-1
DJ1808_C609_52,,,,,,1000.0,,,,1
DJ1808,,,,,,0.0,,,,0
DJ1810_C613_48,,,,,,1100.0,,,,1
DJ1810,,,,,,0.0,,,,0
DJ1811_C710_53,,,,,,1100.0,,,,1
DJ1811,,,,,,0.0,,,,-1
DJ1815_C1_56,,,,,,1100.0,,,,1
DJ1815_C219_56,,,,,,1100.0,,,,1
DJ1815_C410_56,,,,,,1100.0,,,,1
DJ1815_C524_56,,,,,,1100.0,,,,1
AB2082_C171_53,,,,,,1250.0,,,,1
AB2082,,,,,,0.0,,,,0
AB2081_C456_51,,,,,,1400.0,,,,1
AB2081_C456_53,,,,,,1400.0,,,,1
AB2081_C458_53,,,,,,1400.0,,,,1
AB2081_C459_53,,,,,,1400.0,,,,1
AB2078_C307_52,,,,,,1300.0,,,,1
DJ2078,,,,,,0.0,,,,-1
DJ2079_ C2_55,,,,,,0.0,,,,1
DJ2079_C219_55,,,,,,0.0,,,,1
DJ2079_C409_53,,,,,,0.0,,,,1
DJ2079_C572_55,,,,,,0.0,,,,1
DJ2031_C268_52,,,,,,0.0,,,,1
DJ2031_C334_52,,,,,,0.0,,,,1
DJ2031,,,,,,0.0,,,,-1
DJ2030_C206_54,,,,,,0.0,,,,1
DJ2030_C262_52,,,,,,0.0,,,,1
DJ2030_C616_52,,,,,,0.0,,,,1
DJ2030,,,,,,0.0,,,,0
DJ2029,,,,,,0.0,,,,-1
DJ2029_C223_53,,,,,,0.0,,,,1
DJ2028_C262_52,,,,,,0.0,,,,1
DJ2028_C395_52,,,,,,0.0,,,,1
DJ2028,,,,,,0.0,,,,0
DJ2027_C41_53,,,,,,0.0,,,,1
DJ2027_C161_51,,,,,,0.0,,,,1
AB2026_C42_53,,,,,,1400.0,,,,1
AB2026_C223_53,,,,,,1400.0,,,,1
AB2026_C262_53,,,,,,1400.0,,,,1
DJ2025_C157_54,,,,,,0.0,,,,1
DJ2025_C262_52,,,,,,0.0,,,,1
DJ2025,,,,,,0.0,,,,-2
DJ2021_C410_46,,,,,,0.0,,,,1
DJ2021,,,,,,0.0,,,,0
DJ2020,,,,,,0.0,,,,-1
DJ2018_C206_48,,,,,,0.0,,,,1
DJ2018,,,,,,0.0,,,,0
DJ2016_C76_53,,,,,,0.0,,,,1
DJ2016_C79_53,,,,,,0.0,,,,1
DJ2016_C181_53,,,,,,0.0,,,,1
DJ2017,,,,,,0.0,,,,0
DJ2015_C219_54,,,,,,0.0,,,,1
DJ2015_C255_52,,,,,,0.0,,,,1
DJ2015,,,,,,0.0,,,,0
DJ2013_C1_52,,,,,,0.0,,,,1
DJ2013_C1_54,,,,,,0.0,,,,1
DJ2013,,,,,,0.0,,,,0
DJ2012_C2_51,,,,,,0.0,,,,1
DJ2012_C75_53,,,,,,0.0,,,,1
DJ2012_C118_51,,,,,,0.0,,,,1
DJ2011_C2_50,,,,,,1500.0,,,,1
DJ2011_C97_50,,,,,,1500.0,,,,1
DJ2011_C393_52,,,,,,1500.0,,,,1
DJ2138_C1_53,,,,,,0.0,,,,1
DJ2138_C409_55,,,,,,0.0,,,,1
DJ2138_C410_55,,,,,,0.0,,,,1
DJ2139_C720_53,,,,,,0.0,,,,1
DJ2139_C723_55,,,,,,0.0,,,,1
DJ2139_C730_55,,,,,,1875.0,,,,0
DJ2134_C1_52,,,,,,0.0,,,,1
DJ2134_C227_52,,,,,,0.0,,,,1
DJ2134,,,,,,0.0,,,,0
AB2145_C777_54,,,,,,1500.0,,,,1
AB2145_C1_52,,,,,,1450.0,,,,0
AB2145_C2_52,,,,,,1450.0,,,,1
AB2054_C369_53,,,,,,1450.0,,,,1
AB2054_C243_53,,,,,,1450.0,,,,1
DJ2053,,,,,,0.0,,,,0
DJ2052_C1_50,,,,,,0.0,,,,1
DJ2052_C225_50,,,,,,0.0,,,,1
DJ2052_C226_50,,,,,,0.0,,,,1
DJ2051_C697_52,,,,,,0.0,,,,1
DJ2051,,,,,,0.0,,,,0
DJ2050_C226_48,,,,,,0.0,,,,1
AB2041_C318_52,,,,,,1450.0,,,,1
AB2041_C319_52,,,,,,1450.0,,,,0
AB2040_C317_53,,,,,,1500.0,,,,1
AB2040_C510_51,,,,,,1500.0,,,,1
AB2039_C575_52,,,,,,1400.0,,,,1
AB2039_C684_52,,,,,,1400.0,,,,1
AB2039_C685_52,,,,,,1400.0,,,,1
AB2038_C420_50,,,,,,1400.0,,,,1
AB2038_C578_50,,,,,,1400.0,,,,1
DJ2037_C307_49,,,,,,0.0,,,,1
DJ2047_C198_54,,,,,,0.0,,,,1
DJ2047_C262_54,,,,,,0.0,,,,1
DJ2046,,,,,,0.0,,,,0
DJ2044_C8_51,,,,,,0.0,,,,1
DJ2044_C13_53,,,,,,0.0,,,,1
DJ2043_C259_53,,,,,,0.0,,,,1
DJ2043_C555_53,,,,,,0.0,,,,1
DJ2043,,,,,,0.0,,,,-1
AB2042_C273_53,,,,,,1400.0,,,,1
AB2042_C296_53,,,,,,1400.0,,,,1
AB2042_C664_53,,,,,,1400.0,,,,1
DJ2034_C39_51,,,,,,0.0,,,,1
DJ2034_C188_51,,,,,,0.0,,,,1
AB2033_C161_52,,,,,,1250.0,,,,1
AB2033_C162_52,,,,,,1250.0,,,,1
AB2033_C171_52,,,,,,1250.0,,,,1
AB2033_C262_52,,,,,,1250.0,,,,1
DJ2036,,,,,,0.0,,,,0
DJ2132_C1_55,,,,,,0.0,,,,1
DJ2132_C225_53,,,,,,0.0,,,,1
DJ2132,,,,,,0.0,,,,0
DJ2133_C1_53,,,,,,1725.0,,,,0
DJ2133_C225_53,,,,,,0.0,,,,1
DJ2133_C645_55,,,,,,0.0,,,,1
AB2135_C720_51,,,,,,1750.0,,,,1
AB2135_C738_51,,,,,,1750.0,,,,1
AB2135_C743_53,,,,,,1750.0,,,,1
DJ2137_C1_54,,,,,,0.0,,,,1
DJ2137_C705_54,,,,,,0.0,,,,1
DJ2137_C734_56,,,,,,1875.0,,,,0
AB2077_C241_52,,,,,,1400.0,,,,1
AB2077_C372_52,,,,,,1400.0,,,,1
DJ2075_C198_56,,,,,,0.0,,,,1
DJ2075_C282_56,,,,,,0.0,,,,1
DJ2075_C357_56,,,,,,0.0,,,,1
DJ2075,,,,,,0.0,,,,-1
DJ2074_C350_52,,,,,,0.0,,,,1
DJ2074_C487_52,,,,,,0.0,,,,1
DJ2073_C13_50,,,,,,0.0,,,,1
DJ2073_C219_48,,,,,,0.0,,,,1
DJ2073,,,,,,0.0,,,,0
AB2071_C97_51,,,,,,1750.0,,,,1
AB2071_C386_51,,,,,,1750.0,,,,1
AB2071_C13_53,,,,,,1750.0,,,,1
AB2072_C389_50,,,,,,1750.0,,,,1
AB2072_C1_50,,,,,,1750.0,,,,1
DJ2069_C1_49,,,,,,0.0,,,,1
DJ2069_C221_47,,,,,,0.0,,,,1
DJ2069,,,,,,0.0,,,,0
AB2067_C176_50,,,,,,1250.0,,,,1
AB2067_C338_52,,,,,,1250.0,,,,1
AB2067_C335_50,,,,,,1250.0,,,,1
DJ2065_C1_52,,,,,,0.0,,,,1
DJ2065,,,,,,0.0,,,,0
DJ2064,,,,,,0.0,,,,0
DJ2063_C1_52,,,,,,0.0,,,,1
DJ2063_C651_52,,,,,,0.0,,,,1
DJ2062_C329_53,,,,,,0.0,,,,1
DJ2062_C548_55,,,,,,0.0,,,,1
DJ2062_C630_53,,,,,,0.0,,,,1
AB2060_C1_50,,,,,,1400.0,,,,1
AB2060_C368_50,,,,,,1400.0,,,,1
AB2060_C559_52,,,,,,1400.0,,,,1
AB2059_C371_51,,,,,,1500.0,,,,1
AB2059_C240_51,,,,,,1500.0,,,,1
AB2059_C234_51,,,,,,1500.0,,,,1
AB2059_C236_51,,,,,,1500.0,,,,1
AB2059_C239_51,,,,,,1500.0,,,,1
AB2058_C1_53,,,,,,1500.0,,,,1
AB2058_C243_53,,,,,,1500.0,,,,1
AB2058_C559_53,,,,,,1500.0,,,,1
AB2058_C614_53,,,,,,1500.0,,,,1
AB2056_C245_53,,,,,,1500.0,,,,1
AB2056_C39_53,,,,,,1500.0,,,,1
AB2056_C244_51,,,,,,1500.0,,,,1
AB2027_C442_51,,,,,,1300.0,,,,1
DJ2032_C212_51,,,,,,0.0,,,,1
DJ2032_C219_51,,,,,,0.0,,,,1
DJ2032_C410_51,,,,,,0.0,,,,1
DJ2032_C548_51,,,,,,0.0,,,,1
OP2104_C31_M,,,,,,1750.0,,,,1
OP2101_C109_M,,,,,,1750.0,,,,1
OP2105_C01_M,,,,,,1750.0,,,,1
OP2102_C31_M,,,,,,1750.0,,,,2
OP2134_C01_M,,,,,,1750.0,,,,1
OP2124_C04_M,,,,,,1750.0,,,,1
OP2134_C04_M,,,,,,1750.0,,,,1
OP2100_C01_M,,,,,,1750.0,,,,1
OP2124_C02_M,,,,,,1750.0,,,,1
OP2170_C44_M,,,,,,1750.0,,,,1
OP2171_C01_M,,,,,,1750.0,,,,1
OP2103_C94_M,,,,,,1750.0,,,,1
OP2170_C46_M,,,,,,1750.0,,,,1
OP2172_C01_M,,,,,,1750.0,,,,1
DJ9064_C1_47,,,,,,3200.0,,,,1
DJ9064_C3_47,,,,,,3200.0,,,,1
DJ9064_C4_47,,,,,,3200.0,,,,1
DJ9034_C2_46,,,,,,3200.0,,,,1
DJ9043_C2_50,,,,,,3200.0,,,,1
DJ9043,,,,,,0.0,,,,0
DJ9044_C1_49,,,,,,3200.0,,,,1
DJ9044_C3_49,,,,,,3200.0,,,,1
DJ9044_C4_49,,,,,,3200.0,,,,1
DJ9044_C5_49,,,,,,3200.0,,,,1
DJ9044,,,,,,0.0,,,,-2
DJ9038_C3_46,,,,,,3200.0,,,,1
DJ9079_C3_52,,,,,,3200.0,,,,1
DJ9079_C4_52,,,,,,3200.0,,,,1
DJ9079_C5_52,,,,,,0.0,,,,1
DJ9061_C2_53,,,,,,3200.0,,,,1
DJ9061_C3_53,,,,,,3200.0,,,,1
DJ9061_C4_53,,,,,,3200.0,,,,1
DJ9061_C5_53,,,,,,3200.0,,,,1
DJ9062_C1_54,,,,,,3200.0,,,,1
DJ9062_C3_54,,,,,,3200.0,,,,1
DJ9062_C4_54,,,,,,3200.0,,,,1
DJ9053_C1_50,,,,,,3200.0,,,,1
DJ9053_C3_50,,,,,,3200.0,,,,1
DJ9053_C6_50,,,,,,3200.0,,,,1
DJ9057_C1_54,,,,,,3200.0,,,,1
DJ9057_C5_54,,,,,,3200.0,,,,1
DJ9063_C1_53,,,,,,3200.0,,,,1
DJ9063_C5_53,,,,,,3200.0,,,,1
DJ9063,,,,,,0.0,,,,0
DJ9051_C2_53,,,,,,0.0,,,,1
DJ9051_C3_53,,,,,,3200.0,,,,1
DJ9051_C4_53,,,,,,3200.0,,,,1
AB1134_C4_52,,,,,,0.0,,,,1
DJ1088,,,,,,0.0,,,,0
AB1093,,,,,,0.0,,,,0
AB1101,,,,,,0.0,,,,0
AB1105_C1_51,,,,,,0.0,,,,1
AB1105,,,,,,0.0,,,,0
AB1119_C1_55,,,,,,4480.0,,,,0
AB1119_C2_55,,,,,,0.0,,,,1
AB1121_C2_52,,,,,,0.0,,,,1
AB1121,,,,,,0.0,,,,0
AB1122_C2_53,,,,,,0.0,,,,1
AB1122_C4_53,,,,,,0.0,,,,1
AB1122,,,,,,0.0,,,,0
AB1126,,,,,,0.0,,,,0
AB1130_C1_53,,,,,,0.0,,,,1
AB1130,,,,,,0.0,,,,1
DJ9046_C4_47,,,,,,0.0,,,,1
DJ9046_C5_47,,,,,,0.0,,,,1
DJ9046_C2_47,,,,,,0.0,,,,1
DJ9046,,,,,,0.0,,,,0
DJ9085_C5_48,,,,,,0.0,,,,1
DJ9085_C6_48,,,,,,0.0,,,,1
DJ9142_C1_49,,,,,,0.0,,,,1
DJ9142_C2_49,,,,,,0.0,,,,1
AB1152_C2_52,,,,,,0.0,,,,1
AB1152,,,,,,0.0,,,,0
AB1103_C3_52,,,,,,0.0,,,,1
AB1103,,,,,,0.0,,,,1
AB1134_C5_52,,,,,,0.0,,,,1
AB1134_C6_52,,,,,,0.0,,,,1
AB1087_C2_53,,,,,,0.0,,,,1
AB1087_C3_53,,,,,,0.0,,,,1
AB1087_C4_53,,,,,,0.0,,,,1
AB1087,,,,,,0.0,,,,-1
AB1134,,,,,,0.0,,,,-2
DJ9091_C1_53,,,,,,0.0,,,,1
DJ9091_C3_53,,,,,,0.0,,,,1
DJ9097_C2_48,,,,,,0.0,,,,1
DJ9097_C3_48,,,,,,0.0,,,,1
DJ9058_C2_51,,,,,,0.0,,,,1
DJ9058,,,,,,0.0,,,,1
DJ9049_C2_51,,,,,,0.0,,,,1
DJ9049_C3_51,,,,,,0.0,,,,1
DJ9049_C4_51,,,,,,0.0,,,,1
DJ9115_C4_49,,,,,,0.0,,,,1
DJ9115_C5_49,,,,,,0.0,,,,1
DJ9141_C3_53,,,,,,0.0,,,,1
DJ9141_C5_53,,,,,,0.0,,,,1
DJ9050_C1_52,,,,,,0.0,,,,1
DJ9050_C2_52,,,,,,0.0,,,,1
DJ9050_C3_52,,,,,,0.0,,,,1
DJ9050_C4_52,,,,,,0.0,,,,1
DJ9050_C5_52,,,,,,0.0,,,,1
DJ9048,,,,,,0.0,,,,0
DJ5902_C1_53,,,,,,0.0,,,,1
DJ5902_C2_53,,,,,,0.0,,,,1
DJ5902_C3_53,,,,,,0.0,,,,1
DJ5902_C4_53,,,,,,0.0,,,,1
DJ5902,,,,,,0.0,,,,0
DJ9025_C1_54,,,,,,0.0,,,,1
DJ9025_C2_54,,,,,,0.0,,,,1
DJ9025_C3_54,,,,,,0.0,,,,1
DJ9025_C5_54,,,,,,0.0,,,,1
DJ9022_C3_53,,,,,,0.0,,,,1
DJ9022_C4_53,,,,,,0.0,,,,1
DJ9022,,,,,,0.0,,,,0
DJ9026_C1_54,,,,,,0.0,,,,1
DJ9026_C2_54,,,,,,0.0,,,,1
DJ9026,,,,,,0.0,,,,0
DJ9035_C4_54,,,,,,0.0,,,,1
DJ9035,,,,,,0.0,,,,-1
AB1120_C1_50,,,,,,0.0,,,,1
AB1120_C4_50,,,,,,0.0,,,,1
AB1120_C5_50,,,,,,0.0,,,,1
AB1138_C1_52,,,,,,0.0,,,,1
AB1138_C4_53,,,,,,0.0,,,,1
AB1110_C1_53,,,,,,0.0,,,,1
AB1110_C5_53,,,,,,0.0,,,,1
AB1110,,,,,,0.0,,,,-1
AB1131_C4_52,,,,,,0.0,,,,1
AB1131_C5_52,,,,,,0.0,,,,1
AB1131,,,,,,0.0,,,,1
AB1108_C4_52,,,,,,0.0,,,,1
AB1108_C5_52,,,,,,0.0,,,,1
AB1115_C1_52,,,,,,0.0,,,,1
AB1115_C2_52,,,,,,0.0,,,,1
AB1115_C3_52,,,,,,0.0,,,,1
AB1115_C5_52,,,,,,0.0,,,,1
AB1145_C5_47,,,,,,0.0,,,,1
AB1145,,,,,,0.0,,,,0
AB1128_C2_53,,,,,,0.0,,,,1
AB1128_C5_53,,,,,,0.0,,,,1
AB1128,,,,,,0.0,,,,1
AB1133,,,,,,0.0,,,,0
AB1100_C3_53,,,,,,0.0,,,,1
AB1100,,,,,,0.0,,,,0
AB1142_C3_50,,,,,,0.0,,,,1
AB1142_C5_50,,,,,,0.0,,,,1
AB1142,,,,,,0.0,,,,-1
AB1109,,,,,,0.0,,,,0
AB1117_C3_53,,,,,,0.0,,,,1
AB1117_C5_53,,,,,,0.0,,,,1
AB1127_C2_53,,,,,,0.0,,,,1
AB1127_C3_53,,,,,,0.0,,,,1
AB1127_C5_53,,,,,,0.0,,,,1
AB1129_C1_54,,,,,,0.0,,,,1
AB1129_C3_54,,,,,,0.0,,,,1
AB1129_C4_54,,,,,,0.0,,,,1
AB1132_C2_51,,,,,,0.0,,,,1
AB1132_C3_51,,,,,,0.0,,,,1
AB1084_C1_53,,,,,,0.0,,,,1
AB1084_C2_53,,,,,,0.0,,,,1
AB1084_C4_53,,,,,,0.0,,,,1
AB1090_C1_53,,,,,,0.0,,,,1
AB1090_C2_53,,,,,,0.0,,,,1
AB1090_C3_53,,,,,,0.0,,,,1
AB1090_C4_53,,,,,,0.0,,,,1
AB1135_C3_51,,,,,,0.0,,,,1
AB1135,,,,,,0.0,,,,-1
AB1094_C3_53,,,,,,0.0,,,,1
AB1094_C4_53,,,,,,0.0,,,,1
DJ1094,,,,,,0.0,,,,1
AB1143_C5_51,,,,,,0.0,,,,1
AB1143,,,,,,0.0,,,,0
DJ9088_C1_53,,,,,,0.0,,,,1
DJ9088_C2_53,,,,,,0.0,,,,1
DJ5913,,,,,,0.0,,,,0
DJ5915_C1_47,,,,,,0.0,,,,1
DJ5914_C1_46,,,,,,0.0,,,,1
DJ5914_C2_46,,,,,,0.0,,,,1
AB1168_C1_54,,,,,,0.0,,,,1
AB1168_C2_54,,,,,,0.0,,,,1
AB1168_C3_54,,,,,,0.0,,,,1
AB1168_C4_54,,,,,,0.0,,,,1
AB1168_C5_54,,,,,,0.0,,,,1
DJ9165_C1_55,,,,,,0.0,,,,1
DJ9165_C2_55,,,,,,3875.0,,,,0
DJ9165_C4_55,,,,,,0.0,,,,1
DJ9165_C5_55,,,,,,0.0,,,,1
DJ9164_C1_57,,,,,,0.0,,,,1
DJ9164,,,,,,0.0,,,,1
AB1167_C1_53,,,,,,0.0,,,,1
AB1167_C2_53,,,,,,0.0,,,,1
AB1167_C3_53,,,,,,0.0,,,,1
AB1166_C4_54,,,,,,0.0,,,,1
AB1166,,,,,,0.0,,,,0
AB1169_C1_53,,,,,,0.0,,,,1
AB1169_C2_53,,,,,,0.0,,,,1
AB1169_C3_53,,,,,,0.0,,,,1
AB1169_C4_53,,,,,,0.0,,,,1
AB1169_C5_53,,,,,,0.0,,,,1
AB1165_C2_55,,,,,,0.0,,,,1
AB1165,,,,,,0.0,,,,0
AB1173_C1_53,,,,,,0.0,,,,1
AB1173_C2_53,,,,,,0.0,,,,1
AB1173_C3_53,,,,,,0.0,,,,1
DJ9154_C3_55,,,,,,0.0,,,,1
DJ9154_C4_55,,,,,,0.0,,,,1
DJ9166_C1_52,,,,,,0.0,,,,1
DJ9166_C2_52,,,,,,0.0,,,,1
DJ9166_C3_52,,,,,,0.0,,,,1
DJ9166_C4_52,,,,,,0.0,,,,1
DJ9171_C3_56,,,,,,0.0,,,,1
DJ9171_C4_56,,,,,,0.0,,,,1
DJ9172_C1_56,,,,,,3725.0,,,,0
DJ9172_C2_56,,,,,,0.0,,,,1
DJ9172_C3_56,,,,,,0.0,,,,1
DJ9172_C5_56,,,,,,0.0,,,,1
DJ9172_C6_56,,,,,,0.0,,,,1
DJ9172_C7_56,,,,,,0.0,,,,1
DJ9203,,,,,,0.0,,,,2
DJ9204,,,,,,0.0,,,,2
DJ9205,,,,,,0.0,,,,1
DJ9192_C1_59,,,,,,0.0,,,,1
DJ9192_C2_59,,,,,,0.0,,,,1
DJ9192_C3_59,,,,,,0.0,,,,1
DJ9193_C1_54,,,,,,0.0,,,,1
DJ9193_C2_54,,,,,,0.0,,,,1
DJ9193_C3_54,,,,,,0.0,,,,1
DJ9193_C4_54,,,,,,0.0,,,,1
DJ9194_C1_48,,,,,,0.0,,,,1
DJ9194_C2_48,,,,,,0.0,,,,1
DJ9194_C3_48,,,,,,0.0,,,,1
DJ9196_C2_54,,,,,,0.0,,,,1
DJ9196_C3_54,,,,,,0.0,,,,1
DJ9196_C4_54,,,,,,0.0,,,,1
DJ9196_C5_54,,,,,,0.0,,,,1
DJ9201_C2_50,,,,,,0.0,,,,1
DJ9201_C3_50,,,,,,0.0,,,,1
DJ9201_C5_50,,,,,,0.0,,,,1
DJ9201,,,,,,0.0,,,,1
DJ9202_C1_49,,,,,,0.0,,,,1
DJ9202_C2_49,,,,,,0.0,,,,1
DJ9202_C4_49,,,,,,0.0,,,,1
DJ9206,,,,,,0.0,,,,3
AB1158_C1_52,,,,,,0.0,,,,1
AB1158_C2_52,,,,,,0.0,,,,1
AB1158_C3_52,,,,,,0.0,,,,1
AB1158_C4_52,,,,,,0.0,,,,1
AB1159_C1_50,,,,,,0.0,,,,1
AB1159_C2_50,,,,,,0.0,,,,1
AB1159_C3_50,,,,,,0.0,,,,1
AB1159_C4_50,,,,,,0.0,,,,1
AB1162_C1_51,,,,,,0.0,,,,1
AB1162_C3_51,,,,,,0.0,,,,1
AB1163_C2_52,,,,,,0.0,,,,1
AB1163_C3_52,,,,,,0.0,,,,1
AB1163_C4_52,,,,,,0.0,,,,1
AB4012_DEMI_53,,,,,,0.0,,,,1
AB4012_DEMISLV_53,,,,,,0.0,,,,1
AB4017_DEMI_52,,,,,,0.0,,,,1
AB4017_BLACK_52,,,,,,0.0,,,,1
AB4017,,,,,,0.0,,,,0
AB4018_BLACK_52,,,,,,0.0,,,,1
AB4018,,,,,,0.0,,,,0
DJ9027_C2_54,,,,,,0.0,,,,1
DJ9123_C1_49,,,,,,0.0,,,,1
DJ9123_C4_49,,,,,,0.0,,,,1
DJ9124_C3_52,,,,,,0.0,,,,1
DJ9124_C6_52,,,,,,0.0,,,,1
DJ9129_C1_55,,,,,,0.0,,,,1
DJ9129_C2_55,,,,,,0.0,,,,1
DJ9158_C1_48,,,,,,0.0,,,,1
DJ9158_C2_48,,,,,,0.0,,,,1
DJ9162_C1_50,,,,,,0.0,,,,1
DJ9162_C2_50,,,,,,0.0,,,,1
DJ9162_C3_50,,,,,,0.0,,,,1
DJ9162_C4_50,,,,,,0.0,,,,1
DJ9162_C5_50,,,,,,0.0,,,,1
DJ9162_C6_50,,,,,,0.0,,,,1
DJ9150_C1_53,,,,,,0.0,,,,1
DJ9150_C4_53,,,,,,0.0,,,,1
DJ9151_C3_54,,,,,,0.0,,,,1
DJ9151_C4_54,,,,,,0.0,,,,1
DJ9152_C1_55,,,,,,0.0,,,,1
DJ9152_C2_55,,,,,,0.0,,,,1
DJ9168,,,,,,0.0,,,,0
DJ9177_C1_53,,,,,,0.0,,,,1
DJ9177_C2_53,,,,,,0.0,,,,1
DJ9177_C3_53,,,,,,0.0,,,,1
DJ9177_C4_53,,,,,,0.0,,,,1
DJ9177_C5_53,,,,,,4225.0,,,,0
DJ9182_C1_57,,,,,,0.0,,,,1
DJ9182_C2_57,,,,,,0.0,,,,1
DJ9182_C3_57,,,,,,0.0,,,,1
DJ9182_C4_57,,,,,,0.0,,,,1
DJ9182_C5_57,,,,,,0.0,,,,1
DJ5916_C1_51,,,,,,0.0,,,,1
DJ5916_C2_51,,,,,,0.0,,,,1
DJ5916_C3_51,,,,,,0.0,,,,1
DJ5916_C4_51,,,,,,0.0,,,,1
DJ5917_C1_51,,,,,,0.0,,,,1
DJ5917_C2_51,,,,,,0.0,,,,1
DJ5917,,,,,,0.0,,,,2
DJ5918,,,,,,0.0,,,,3
AB1102_C3_53,,,,,,0.0,,,,1
DJ9139_C1_54,,,,,,0.0,,,,1
DJ9139_C2_54,,,,,,0.0,,,,1
AB1094,,,,,,0.0,,,,-1
AB1120,,,,,,0.0,,,,-1
AB1123,,,,,,0.0,,,,-2
AB1124,,,,,,0.0,,,,-1
AB1127,,,,,,0.0,,,,-1
AB1144,,,,,,0.0,,,,-1
AB2026,,,,,,0.0,,,,-1
AB2027,,,,,,0.0,,,,-1
AB2033,,,,,,0.0,,,,-2
AB2039,,,,,,0.0,,,,-2
AB2041,,,,,,0.0,,,,-1
AB2042,,,,,,0.0,,,,-1
AB2054,,,,,,0.0,,,,-2
AB2056,,,,,,0.0,,,,-2
AB2059,,,,,,0.0,,,,-1
AB2060,,,,,,0.0,,,,-1
AB2067,,,,,,0.0,,,,-1
AB2071,,,,,,0.0,,,,-1
AB2072,,,,,,0.0,,,,-2
AB2077,,,,,,0.0,,,,-1
AB2081,,,,,,0.0,,,,-3
AB2085,,,,,,0.0,,,,-2
AB2086,,,,,,0.0,,,,-2
AB2093,,,,,,0.0,,,,-1
AB2113,,,,,,0.0,,,,-2
AB2135,,,,,,0.0,,,,-1
AB4012,,,,,,0.0,,,,-1
DJ1803,,,,,,0.0,,,,-1
DJ1804,,,,,,0.0,,,,-1
DJ1806,,,,,,0.0,,,,-2
DJ1817,,,,,,0.0,,,,-1
DJ1818,,,,,,0.0,,,,-1
DJ1822,,,,,,0.0,,,,-1
DJ2012,,,,,,0.0,,,,-2
DJ2027,,,,,,0.0,,,,-2
DJ2032,,,,,,0.0,,,,-2
DJ2037,,,,,,0.0,,,,-1
DJ2044,,,,,,0.0,,,,-1
DJ2047,,,,,,0.0,,,,-1
DJ2050,,,,,,0.0,,,,-1
AB2063,,,,,,0.0,,,,-1
DJ2074,,,,,,0.0,,,,-1
DJ2079,,,,,,0.0,,,,-2
DJ2105,,,,,,0.0,,,,-3
DJ2111,,,,,,0.0,,,,-1
DJ2119,,,,,,0.0,,,,-1
DJ2123,,,,,,0.0,,,,-1
DJ2138,,,,,,0.0,,,,-1
DJ9034,,,,,,0.0,,,,-1
DJ9051,,,,,,0.0,,,,-3
DJ9057,,,,,,0.0,,,,-1
DJ9061,,,,,,0.0,,,,-4
DJ9079,,,,,,0.0,,,,-1
DJ9085,,,,,,0.0,,,,-2
DJ9113,,,,,,0.0,,,,-1
DJ9126,,,,,,0.0,,,,-1
DJ9128,,,,,,0.0,,,,-1
DJ9134,,,,,,0.0,,,,-1
DJ9158,,,,,,0.0,,,,-2
DJ9162,,,,,,0.0,,,,-1
VO2787_2306_51,,,,,,4590.0,,,,0
VO3845_548_52,,,,,,3990.0,,,,1
BLUECUT KT,,,,,,1000.0,,,,0
BLUERAY ARC 1.60,,,,,,1000.0,,,,0
B & L SOFTLENS TORIC,,,,,,1200.0,,,,0
COATING,,,,,,150.0,,,,2
RJ9506S_22011_50,,,,,,0.0,,,,-1
RB7059_6018G_55,,,,,,4290.0,,,,-1
6LINE PGKT,,,,,,500.0,,,,2
BLUECUT ARC,,,,,,1000.0,,,,10
ASPHERIC SUPROL CRHC.,,,,,,500.0,,,,2
SPECTACLE BOX,,,,,,25.0,,,,790
INB1913B_C3_S,,,,,,3445.0,,,,1
INB1912D_C2_S,,,,,,3445.0,,,,1
INB1907D_C3_S,,,,,,3445.0,,,,1
VO3955BI_280_49,,,,,,3190.0,,,,1
INB2802A_C3_S,,,,,,3125.0,,,,1
INB2940B_C1_S,,,,,,3125.0,,,,0
PROGRESSIVE PG ARC,,,,,,3600.0,,,,2
JUST Near Vision,,,,,,250.0,,,,1
PROGRESSIVE GREEN COATING,,,,,,2200.0,,,,2
GREEN COATING COLOUR,,,,,,300.0,,,,2
SPECTACLE FRAMES (CODE-CT),,,,,,300.0,,,,744
SPECTACLE FRAMES (CODE-TX),,,,,,300.0,,,,204
SPECTACLE FRAMES (CODE-SX),,,,,,300.0,,,,624
CUP GOOGLES,,,,,,100.0,,,,204
SPECTACLE FRAMES (CODE-AX),,,,,,300.0,,,,220
SPECTACLE FRAMES (CODE-EXX),,,,,,400.0,,,,300
AB1144_C4_52,,,,,,0.0,,,,1
AB1124_C1_56,,,,,,0.0,,,,1
AB1123_C5_55,,,,,,0.0,,,,1
AB1123_C2_55,,,,,,0.0,,,,1
VO5280SB_206580_57,,,,,,7190.0,,,,1
VO5212S_W4487_55,,,,,,6190.0,,,,1
VO5284S_27180L_32,,,,,,7190.0,,,,1
VO5283S_27236V_54,,,,,,7190.0,,,,1
VO5166S_W6565R_51,,,,,,5590.0,,,,1
VO5280SB_272276_57,,,,,,7190.0,,,,1
VO2714_2406_52,,,,,,0.0,,,,1
VO2906I_W44_52,,,,,,0.0,,,,1
VO2925BI_2048_53,,,,,,0.0,,,,2
VO5010I_W44_53,,,,,,0.0,,,,2
VO4016BI_848_51,,,,,,0.0,,,,1
VO2906I_2249_52,,,,,,0.0,,,,1
VO5120I_W44_52,,,,,,0.0,,,,1
VO5010I_W44_51,,,,,,0.0,,,,1
VO4038I_5033_54,,,,,,0.0,,,,1
VO4038I_352_54,,,,,,0.0,,,,1
VO5148I_W656_53,,,,,,0.0,,,,1
ACCESSORIES,,,,,,20.0,,,,12
RB4165_622T3_55,,,,,,0.0,,,,-1
TH7948_C4_54,,,,,,0.0,,,,-1
Vo5010_W44_53,,,,,,3890.0,,,,-3
FT_P353BR3_M,,,,,,995.0,,,,-1
DJ9206_C3_51,,,,,,2225.0,,,,-1
BLUECUT CRKT,,,,,,1000.0,,,,-2
DJ9164_C3_57,,,,,,3725.0,,,,-1
AB1171S_C4_61,,,,,,4590.0,,,,-1
IS6342_C2_54,,,,,,1600.0,,,,-1
CRIZAL,,,,,,2000.0,,,,-2
RX6426I_2975_53,,,,,,5090.0,,,,-1
RX7027I_2000_54,,,,,,4790.0,,,,-1
CUP GOGGLES,,,,,,100.0,,,,-1
MICRO,,,,,,300.0,,,,-3
GSENEV AVIATORS,,,,,,300.0,,,,-3
FARENHEIT READING FOLDABLE  +1.5,,,,,,300.0,,,,-2
INDEPENDENT LADIES,,,,,,400.0,,,,-1
FANCY GOGGLES,,,,,,120.0,,,,-19
POLO SPORT,,,,,,400.0,,,,-1
INTACT SPRING,,,,,,200.0,,,,-31
FARENHEIT READING FOLDABLE   +3.0,,,,,,300.0,,,,-1
CUP Goggles/SUNGLASS PROTECTIVE,,,,,,100.0,,,,-2
CANDARY,,,,,,300.0,,,,-2
CREAST + SUPRA,,,,,,600.0,,,,-1
ROTINO,,,,,,125.0,,,,-1
HVBEWC,,,,,,300.0,,,,-1
MAGIC PLUS nv,,,,,,200.0,,,,-2
FERRARI SUPRA,,,,,,800.0,,,,-1
RAYBAN 3PC,,,,,,300.0,,,,-1
ESCAPE+,,,,,,350.0,,,,-3
YOUNGSTUN M FULL,,,,,,500.0,,,,-1
BOND,,,,,,250.0,,,,-1
READING CHANGE SIDE,,,,,,500.0,,,,-2
AO 1.6CRHMC,,,,,,1000.0,,,,-2
FANCY METAL AVIATORS,,,,,,600.0,,,,-1
READER READING,,,,,,250.0,,,,-3
Baby goggles,,,,,,200.0,,,,-1
FANCY SHEET  SQUARE,,,,,,400.0,,,,-1
QUAMIAR,,,,,,350.0,,,,-1
BIOTRUE  300 ML,,,,,,560.0,,,,-1
E-mail,,,,,,100.0,,,,-1
VESSEL THIN SIDE,,,,,,400.0,,,,-2
FANCY METAL ROUND,,,,,,350.0,,,,-2
ACCORDIAN,,,,,,300.0,,,,-1
FASHION TV,,,,,,450.0,,,,-1
JUST NV,,,,,,150.0,,,,-2
KOOLTI,,,,,,300.0,,,,-1
CONIVEY,,,,,,300.0,,,,-1
ROSE AVIATORS,,,,,,250.0,,,,-1
PARTY,,,,,,300.0,,,,-1
DJ5918_C2_54,,,,,,3200.0,,,,-1
CRIZAL SAPPHIRE UV FOG ID SUN,,,,,,3000.0,,,,-4
DJ5917_C3_51,,,,,,2480.0,,,,-1
FULL METAL SQUARE,,,,,,500.0,,,,-1
ROSEVALT,,,,,,500.0,,,,-1
FARENHEIT READING FOLDABLE   +2.5,,,,,,300.0,,,,-1
PROGRESSIVE BROWN LIGHT SHADE,,,,,,2200.0,,,,-2
PROGRESSIVE DARK GREEN COATING,,,,,,2200.0,,,,-2
HONG REN,,,,,,0.0,,,,-1
CALLTIME,,,,,,0.0,,,,-1
TITANIUM,,,,,,0.0,,,,-1
RODENSTOCK SUPRA,,,,,,0.0,,,,-2
MAGIC SPORTS,,,,,,0.0,,,,-1
JILOPI,,,,,,0.0,,,,-1
CANDEY,,,,,,0.0,,,,-1
6LINE,,,,,,0.0,,,,0
Display Goggles,,,,,,0.0,,,,-3
MEXAWS,,,,,,0.0,,,,-1
SUPROL CRHC.,,,,,,0.0,,,,2
sanaflex,,,,,,0.0,,,,-1
BIOTRUE 120ML,,,,,,0.0,,,,-2
NV READING GLASS,,,,,,0.0,,,,-1
FIFA,,,,,,0.0,,,,-1
ESTEE AVIATORS,,,,,,0.0,,,,-1
RAJASTHAN,,,,,,0.0,,,,-1
VELLY,,,,,,0.0,,,,-1
CALENTE,,,,,,0.0,,,,-1
SPORTS,,,,,,0.0,,,,-1
Image277_C3_M,,,,,,0.0,,,,-1
TOMMY MASTER,,,,,,0.0,,,,-1
UPDATE,,,,,,0.0,,,,-1
Timmat,,,,,,0.0,,,,-1
BARCELONA,,,,,,0.0,,,,-1
ASCELI,,,,,,0.0,,,,-1
SUPERL,,,,,,0.0,,,,-1
MISSIFON,,,,,,0.0,,,,-1
CARTIER METAL FULL,,,,,,0.0,,,,-1
6LINE PG,,,,,,0.0,,,,-2
